gt_fact_id,document_id,source_id,metric,value,language,v31_disposition,v32_disposition,confidence,reasons,evidence_excerpt
gtf-0008,doc-7c5cd3967c2f9f10,imp-bea,percentage_statistic,0.3,en,AMBIGUOUS,TRUE_MATERIAL_FACT,HIGH,"metric=True, unit=True, entity=True, period=True; nav_count=0, listing_count=0; dom_location=UNKNOWN, is_listing_page=False, is_nav_heavy=True; occurrences=1","t at a monthly rate) in June, according to estimates released today by the U.S. Bureau of Economic Analysis (BEA). Disposable personal income (DPI)—personal income less personal current taxes—increase"
gtf-0010,doc-7c5cd3967c2f9f10,imp-bea,percentage_statistic,2.6,en,AMBIGUOUS,REMAINS_AMBIGUOUS,LOW,"metric=False, unit=True, entity=True, period=True; nav_count=0, listing_count=0; dom_location=UNKNOWN, is_listing_page=False, is_nav_heavy=True; occurrences=2","June &#039;26 Chart A Close International Economic Accounts U.S. International Transactions and Investment Position, 1st Quarter 2026 and Annual Update Q1 2026 -$226.8 B Q4 2025 -$221.1 B The U.S. cur"
gtf-0011,doc-7c5cd3967c2f9f10,imp-bea,percentage_statistic,2.9,en,AMBIGUOUS,REMAINS_AMBIGUOUS,LOW,"metric=False, unit=True, entity=True, period=True; nav_count=0, listing_count=0; dom_location=UNKNOWN, is_listing_page=False, is_nav_heavy=True; occurrences=1","ting from international economic transactions widened by $5.8 billion, or 2.6 percent, to $226.8 billion in the first quarter of 2026, according to statistics released today by the U.S. Bureau of Econ"
gtf-0012,doc-7c5cd3967c2f9f10,imp-bea,percentage_statistic,2.8,en,AMBIGUOUS,REMAINS_AMBIGUOUS,LOW,"metric=False, unit=True, entity=True, period=True; nav_count=0, listing_count=0; dom_location=UNKNOWN, is_listing_page=False, is_nav_heavy=True; occurrences=1","billion, or 2.6 percent, to $226.8 billion in the first quarter of 2026, according to statistics released today by the U.S. Bureau of Economic Analysis. The revised fourth-quarter deficit was $221.1 b"
gtf-0013,doc-7c5cd3967c2f9f10,imp-bea,percentage_statistic,49.5,en,AMBIGUOUS,REMAINS_AMBIGUOUS,LOW,"list/table structure nearby; metric=False, unit=True, entity=True, period=True; nav_count=0, listing_count=0; dom_location=LIST_TABLE, is_listing_page=False, is_nav_heavy=True; occurrences=1","Direct Investment in the United States, 2025 Expenditures by foreign direct investors to acquire, establish, or expand U.S. businesses totaled $232.2 billion in 2025, according to preliminary statisti"
gtf-0020,doc-7c5cd3967c2f9f10,imp-bea,usd_amount,65.2,en,AMBIGUOUS,TRUE_MATERIAL_FACT,HIGH,"metric=True, unit=True, entity=True, period=True; nav_count=0, listing_count=0; dom_location=UNKNOWN, is_listing_page=False, is_nav_heavy=True; occurrences=1","on (0.2 percent at a monthly rate) in June, according to estimates released today by the U.S. Bureau of Economic Analysis (BEA). Disposable personal income (DPI)—personal income less personal current "
gtf-0023,doc-7c5cd3967c2f9f10,imp-bea,usd_amount,226.8,en,AMBIGUOUS,REMAINS_AMBIGUOUS,LOW,"list/table structure nearby; metric=False, unit=True, entity=True, period=True; nav_count=0, listing_count=0; dom_location=LIST_TABLE, is_listing_page=False, is_nav_heavy=True; occurrences=2","ercentage of DPI—was 2.7 percent. Current Release Personal Income and Outlays, June &#039;26 Chart A &times; Personal Income and Outlays, June &#039;26 Chart A Close International Economic Accounts U."
gtf-0024,doc-7c5cd3967c2f9f10,imp-bea,usd_amount,221.1,en,AMBIGUOUS,REMAINS_AMBIGUOUS,LOW,"list/table structure nearby; metric=False, unit=True, entity=True, period=True; nav_count=0, listing_count=0; dom_location=LIST_TABLE, is_listing_page=False, is_nav_heavy=True; occurrences=2","as 2.7 percent. Current Release Personal Income and Outlays, June &#039;26 Chart A &times; Personal Income and Outlays, June &#039;26 Chart A Close International Economic Accounts U.S. International T"
gtf-0025,doc-7c5cd3967c2f9f10,imp-bea,usd_amount,5.8,en,AMBIGUOUS,REMAINS_AMBIGUOUS,LOW,"metric=False, unit=True, entity=True, period=True; nav_count=0, listing_count=0; dom_location=UNKNOWN, is_listing_page=False, is_nav_heavy=True; occurrences=1","me and Outlays, June &#039;26 Chart A Close International Economic Accounts U.S. International Transactions and Investment Position, 1st Quarter 2026 and Annual Update Q1 2026 -$226.8 B Q4 2025 -$221."
gtf-0026,doc-7c5cd3967c2f9f10,imp-bea,usd_amount,226.8,en,AMBIGUOUS,REMAINS_AMBIGUOUS,LOW,"list/table structure nearby; metric=False, unit=True, entity=True, period=True; nav_count=0, listing_count=0; dom_location=LIST_TABLE, is_listing_page=False, is_nav_heavy=True; occurrences=2","ercentage of DPI—was 2.7 percent. Current Release Personal Income and Outlays, June &#039;26 Chart A &times; Personal Income and Outlays, June &#039;26 Chart A Close International Economic Accounts U."
gtf-0027,doc-7c5cd3967c2f9f10,imp-bea,usd_amount,221.1,en,AMBIGUOUS,REMAINS_AMBIGUOUS,LOW,"list/table structure nearby; metric=False, unit=True, entity=True, period=True; nav_count=0, listing_count=0; dom_location=LIST_TABLE, is_listing_page=False, is_nav_heavy=True; occurrences=2","as 2.7 percent. Current Release Personal Income and Outlays, June &#039;26 Chart A &times; Personal Income and Outlays, June &#039;26 Chart A Close International Economic Accounts U.S. International T"
gtf-0028,doc-7c5cd3967c2f9f10,imp-bea,usd_amount,21.27,en,AMBIGUOUS,REMAINS_AMBIGUOUS,LOW,"list/table structure nearby; metric=False, unit=True, entity=True, period=True; nav_count=0, listing_count=0; dom_location=LIST_TABLE, is_listing_page=False, is_nav_heavy=True; occurrences=2","026, according to statistics released today by the U.S. Bureau of Economic Analysis. The revised fourth-quarter deficit was $221.1 billion. The first-quarter deficit was 2.9 percent of current-dollar "
gtf-0029,doc-7c5cd3967c2f9f10,imp-bea,usd_amount,21.87,en,AMBIGUOUS,REMAINS_AMBIGUOUS,LOW,"list/table structure nearby; metric=False, unit=True, entity=True, period=True; nav_count=0, listing_count=0; dom_location=LIST_TABLE, is_listing_page=False, is_nav_heavy=True; occurrences=2","ics released today by the U.S. Bureau of Economic Analysis. The revised fourth-quarter deficit was $221.1 billion. The first-quarter deficit was 2.9 percent of current-dollar gross domestic product, u"
gtf-0030,doc-7c5cd3967c2f9f10,imp-bea,usd_amount,21.27,en,AMBIGUOUS,REMAINS_AMBIGUOUS,LOW,"list/table structure nearby; metric=False, unit=True, entity=True, period=True; nav_count=0, listing_count=0; dom_location=LIST_TABLE, is_listing_page=False, is_nav_heavy=True; occurrences=2","026, according to statistics released today by the U.S. Bureau of Economic Analysis. The revised fourth-quarter deficit was $221.1 billion. The first-quarter deficit was 2.9 percent of current-dollar "
gtf-0031,doc-7c5cd3967c2f9f10,imp-bea,usd_amount,43.37,en,AMBIGUOUS,REMAINS_AMBIGUOUS,LOW,"metric=False, unit=True, entity=True, period=True; nav_count=0, listing_count=0; dom_location=UNKNOWN, is_listing_page=False, is_nav_heavy=True; occurrences=1","ent in the fourth quarter. Current Release End of Q1 2026 -$21.27 T End of Q4 2025 -$21.87 T The U.S. net international investment position, the difference between U.S. residents’ foreign financial as"
gtf-0032,doc-7c5cd3967c2f9f10,imp-bea,usd_amount,64.64,en,AMBIGUOUS,REMAINS_AMBIGUOUS,LOW,"metric=False, unit=True, entity=True, period=True; nav_count=0, listing_count=0; dom_location=UNKNOWN, is_listing_page=False, is_nav_heavy=True; occurrences=1","e End of Q1 2026 -$21.27 T End of Q4 2025 -$21.87 T The U.S. net international investment position, the difference between U.S. residents’ foreign financial assets and liabilities, was –$21.27 trillio"
gtf-0033,doc-7c5cd3967c2f9f10,imp-bea,usd_amount,21.87,en,AMBIGUOUS,REMAINS_AMBIGUOUS,LOW,"list/table structure nearby; metric=False, unit=True, entity=True, period=True; nav_count=0, listing_count=0; dom_location=LIST_TABLE, is_listing_page=False, is_nav_heavy=True; occurrences=2","ics released today by the U.S. Bureau of Economic Analysis. The revised fourth-quarter deficit was $221.1 billion. The first-quarter deficit was 2.9 percent of current-dollar gross domestic product, u"
gtf-0038,doc-7c5cd3967c2f9f10,imp-bea,usd_amount,3.9,en,AMBIGUOUS,TRUE_MATERIAL_FACT,HIGH,"metric=True, unit=True, entity=True, period=True; nav_count=0, listing_count=0; dom_location=UNKNOWN, is_listing_page=False, is_nav_heavy=True; occurrences=1",6 B The U.S. goods and services trade deficit decreased in June 2026 according to the U.S. Bureau of Economic Analysis and the U.S. Census Bureau. The deficit decreased from $77.6 billion in May (revi
gtf-0042,doc-7c5cd3967c2f9f10,imp-bea,usd_amount,232.2,en,AMBIGUOUS,TRUE_MATERIAL_FACT,MEDIUM,"list/table structure nearby; metric=True, unit=True, entity=True, period=True; nav_count=0, listing_count=0; dom_location=LIST_TABLE, is_listing_page=False, is_nav_heavy=True; occurrences=1","nternational Trade in Goods and Services, June &#039;26 CHART &times; U.S. International Trade in Goods and Services, June &#039;26 CHART Close New Foreign Direct Investment in the United States, 2025"
gtf-0043,doc-7c5cd3967c2f9f10,imp-bea,usd_amount,76.8,en,AMBIGUOUS,REMAINS_AMBIGUOUS,LOW,"list/table structure nearby; metric=False, unit=True, entity=True, period=True; nav_count=0, listing_count=0; dom_location=LIST_TABLE, is_listing_page=False, is_nav_heavy=True; occurrences=1","lose New Foreign Direct Investment in the United States, 2025 Expenditures by foreign direct investors to acquire, establish, or expand U.S. businesses totaled $232.2 billion in 2025, according to pre"
gtf-0058,doc-7eafb0e5382d524a,imp-eurostat,percentage_statistic,5.7,en,AMBIGUOUS,LISTING_OVER_CAPTURE,MEDIUM,"metric=True, unit=True, entity=True, period=True; nav_count=0, listing_count=1; dom_location=UNKNOWN, is_listing_page=True, is_nav_heavy=False; occurrences=1","th your search News articles Industry, trade and services PUBLISHED: 17 August 2026 Business registrations down, bankruptcies up in Q2 2026 In the second quarter of 2026, registrations of businesses i"
gtf-0059,doc-7eafb0e5382d524a,imp-eurostat,percentage_statistic,22,en,AMBIGUOUS,REMAINS_AMBIGUOUS,LOW,"metric=True, unit=False, entity=False, period=True; nav_count=0, listing_count=0; dom_location=UNKNOWN, is_listing_page=True, is_nav_heavy=False; occurrences=3","and regional statistics (1033) Economy and finance (490) Environment and energy (473) Industry, trade and services (403) International trade (368) Science and technology (276) Transport (244) Agricult"
gtf-0092,doc-006115d8fbdce6fb,src-istat,percentage_statistic,5,en,AMBIGUOUS,REMAINS_AMBIGUOUS,LOW,"metric=False, unit=True, entity=False, period=True; nav_count=0, listing_count=0; dom_location=UNKNOWN, is_listing_page=False, is_nav_heavy=False; occurrences=5",ONI Contact centre tel. 06 4673.3102 contact centre Link utili Indici per aggiornare affitti e assegni familiari Rivaluta per calcolare le rivalutazioni monetarie Tema: Prezzi Tag: consumi FOI inflazi
gtf-0111,doc-006115d8fbdce6fb,src-istat,percentage_statistic,5,en,AMBIGUOUS,REMAINS_AMBIGUOUS,LOW,"metric=False, unit=True, entity=False, period=True; nav_count=0, listing_count=0; dom_location=UNKNOWN, is_listing_page=False, is_nav_heavy=False; occurrences=5",ONI Contact centre tel. 06 4673.3102 contact centre Link utili Indici per aggiornare affitti e assegni familiari Rivaluta per calcolare le rivalutazioni monetarie Tema: Prezzi Tag: consumi FOI inflazi
gtf-0114,doc-006115d8fbdce6fb,src-istat,percentage_statistic,5,en,AMBIGUOUS,REMAINS_AMBIGUOUS,LOW,"metric=False, unit=True, entity=False, period=True; nav_count=0, listing_count=0; dom_location=UNKNOWN, is_listing_page=False, is_nav_heavy=False; occurrences=5",ONI Contact centre tel. 06 4673.3102 contact centre Link utili Indici per aggiornare affitti e assegni familiari Rivaluta per calcolare le rivalutazioni monetarie Tema: Prezzi Tag: consumi FOI inflazi
gtf-0129,doc-bd2d61296484fe8f,src-istat,percentage_statistic,5,en,AMBIGUOUS,REMAINS_AMBIGUOUS,LOW,"metric=False, unit=False, entity=False, period=True; nav_count=0, listing_count=0; dom_location=UNKNOWN, is_listing_page=False, is_nav_heavy=False; occurrences=5","ciostampa@istat.it PER FORNITURA DATI ED ELABORAZIONI Contact Centre tel. 06 4673.3102 contact centre Tema: Industria e costruzioni , Lavoro e retribuzioni , Servizi Tag: disoccupati industria lavoro "
gtf-0130,doc-bd2d61296484fe8f,src-istat,percentage_statistic,5,en,AMBIGUOUS,REMAINS_AMBIGUOUS,LOW,"metric=False, unit=False, entity=False, period=True; nav_count=0, listing_count=0; dom_location=UNKNOWN, is_listing_page=False, is_nav_heavy=False; occurrences=5","ciostampa@istat.it PER FORNITURA DATI ED ELABORAZIONI Contact Centre tel. 06 4673.3102 contact centre Tema: Industria e costruzioni , Lavoro e retribuzioni , Servizi Tag: disoccupati industria lavoro "
gtf-0131,doc-bd2d61296484fe8f,src-istat,percentage_statistic,5,en,AMBIGUOUS,REMAINS_AMBIGUOUS,LOW,"metric=False, unit=False, entity=False, period=True; nav_count=0, listing_count=0; dom_location=UNKNOWN, is_listing_page=False, is_nav_heavy=False; occurrences=5","ciostampa@istat.it PER FORNITURA DATI ED ELABORAZIONI Contact Centre tel. 06 4673.3102 contact centre Tema: Industria e costruzioni , Lavoro e retribuzioni , Servizi Tag: disoccupati industria lavoro "
gtf-0173,doc-9009073715abef71,src-eurostat-emp,percentage_statistic,3.6,en,AMBIGUOUS,REMAINS_AMBIGUOUS,LOW,"metric=False, unit=True, entity=True, period=True; nav_count=0, listing_count=0; dom_location=UNKNOWN, is_listing_page=True, is_nav_heavy=False; occurrences=2",data on business registrations and bankruptcies published by Eurostat today. This article presents a handful of findings from the more detailed Statistics Explained article on quarterly registrations 
gtf-0174,doc-9009073715abef71,src-eurostat-emp,percentage_statistic,3.6,en,AMBIGUOUS,REMAINS_AMBIGUOUS,LOW,"metric=False, unit=True, entity=True, period=True; nav_count=0, listing_count=0; dom_location=UNKNOWN, is_listing_page=True, is_nav_heavy=False; occurrences=2",data on business registrations and bankruptcies published by Eurostat today. This article presents a handful of findings from the more detailed Statistics Explained article on quarterly registrations 
gtf-0194,doc-5687e9f619db1850,src-mof-philippines,usd_amount,600,en,AMBIGUOUS,REMAINS_AMBIGUOUS,LOW,"metric=False, unit=True, entity=False, period=True; nav_count=0, listing_count=0; dom_location=UNKNOWN, is_listing_page=False, is_nav_heavy=True; occurrences=3","ent agency, Agence Française de Développement (AFD), have partnered to strengthen food security and improve nutrition among low-income families through a financing&hellip; Comments Off on France exten"
gtf-0195,doc-5687e9f619db1850,src-mof-philippines,usd_amount,600,en,AMBIGUOUS,REMAINS_AMBIGUOUS,LOW,"metric=False, unit=True, entity=False, period=True; nav_count=0, listing_count=0; dom_location=UNKNOWN, is_listing_page=False, is_nav_heavy=True; occurrences=3","ent agency, Agence Française de Développement (AFD), have partnered to strengthen food security and improve nutrition among low-income families through a financing&hellip; Comments Off on France exten"
gtf-0196,doc-5687e9f619db1850,src-mof-philippines,usd_amount,600,en,AMBIGUOUS,REMAINS_AMBIGUOUS,LOW,"metric=False, unit=True, entity=False, period=True; nav_count=0, listing_count=0; dom_location=UNKNOWN, is_listing_page=False, is_nav_heavy=True; occurrences=3","ent agency, Agence Française de Développement (AFD), have partnered to strengthen food security and improve nutrition among low-income families through a financing&hellip; Comments Off on France exten"
gtf-0197,doc-5687e9f619db1850,src-mof-philippines,usd_amount,6.78,en,AMBIGUOUS,REMAINS_AMBIGUOUS,LOW,"Value inside <a> anchor tag; metric=False, unit=True, entity=True, period=True; nav_count=0, listing_count=0; dom_location=UNKNOWN, is_listing_page=False, is_nav_heavy=True; occurrences=3","ment Office (PMO), has successfully completed the PHP 1-billion sale of government-owned units at the Atrium of Makati, marking another milestone&hellip; Comments Off on DOF completes sale of Makati p"
gtf-0198,doc-5687e9f619db1850,src-mof-philippines,usd_amount,6.78,en,AMBIGUOUS,REMAINS_AMBIGUOUS,LOW,"Value inside <a> anchor tag; metric=False, unit=True, entity=True, period=True; nav_count=0, listing_count=0; dom_location=UNKNOWN, is_listing_page=False, is_nav_heavy=True; occurrences=3","ment Office (PMO), has successfully completed the PHP 1-billion sale of government-owned units at the Atrium of Makati, marking another milestone&hellip; Comments Off on DOF completes sale of Makati p"
gtf-0204,doc-cc10a6c194e5435b,src-eurostat-agri,percentage_statistic,5.7,en,AMBIGUOUS,LISTING_OVER_CAPTURE,MEDIUM,"metric=True, unit=True, entity=True, period=True; nav_count=0, listing_count=1; dom_location=UNKNOWN, is_listing_page=True, is_nav_heavy=False; occurrences=1","th your search News articles Industry, trade and services PUBLISHED: 17 August 2026 Business registrations down, bankruptcies up in Q2 2026 In the second quarter of 2026, registrations of businesses i"
gtf-0205,doc-cc10a6c194e5435b,src-eurostat-agri,percentage_statistic,22,en,AMBIGUOUS,REMAINS_AMBIGUOUS,LOW,"metric=True, unit=False, entity=False, period=True; nav_count=0, listing_count=0; dom_location=UNKNOWN, is_listing_page=True, is_nav_heavy=False; occurrences=3","and regional statistics (1033) Economy and finance (490) Environment and energy (473) Industry, trade and services (403) International trade (368) Science and technology (276) Transport (244) Agricult"
gtf-0235,doc-a72c0918e27dd12b,src-stat-austria,percentage_statistic,5,en,AMBIGUOUS,TRUE_MATERIAL_FACT,HIGH,"metric=True, unit=True, entity=False, period=True; nav_count=0, listing_count=0; dom_location=UNKNOWN, is_listing_page=False, is_nav_heavy=False; occurrences=717",rändert 07.08.2026 Österreichs Außenhandel im Mai 2026: Importe und Exporte gestiegen 07.08.2026 Weniger Firmenpleiten im 2. Quartal 2026 in Österreich 06.08.2026 Großhandelspreise in Österreich im Ju
gtf-0260,doc-a72c0918e27dd12b,src-stat-austria,percentage_statistic,5,en,AMBIGUOUS,TRUE_MATERIAL_FACT,HIGH,"metric=True, unit=True, entity=False, period=True; nav_count=0, listing_count=0; dom_location=UNKNOWN, is_listing_page=False, is_nav_heavy=False; occurrences=717",rändert 07.08.2026 Österreichs Außenhandel im Mai 2026: Importe und Exporte gestiegen 07.08.2026 Weniger Firmenpleiten im 2. Quartal 2026 in Österreich 06.08.2026 Großhandelspreise in Österreich im Ju
gtf-0312,doc-a72c0918e27dd12b,src-stat-austria,percentage_statistic,5,en,AMBIGUOUS,TRUE_MATERIAL_FACT,HIGH,"metric=True, unit=True, entity=False, period=True; nav_count=0, listing_count=0; dom_location=UNKNOWN, is_listing_page=False, is_nav_heavy=False; occurrences=717",rändert 07.08.2026 Österreichs Außenhandel im Mai 2026: Importe und Exporte gestiegen 07.08.2026 Weniger Firmenpleiten im 2. Quartal 2026 in Österreich 06.08.2026 Großhandelspreise in Österreich im Ju
gtf-0341,doc-a72c0918e27dd12b,src-stat-austria,percentage_statistic,5,en,AMBIGUOUS,TRUE_MATERIAL_FACT,HIGH,"metric=True, unit=True, entity=False, period=True; nav_count=0, listing_count=0; dom_location=UNKNOWN, is_listing_page=False, is_nav_heavy=False; occurrences=717",rändert 07.08.2026 Österreichs Außenhandel im Mai 2026: Importe und Exporte gestiegen 07.08.2026 Weniger Firmenpleiten im 2. Quartal 2026 in Österreich 06.08.2026 Großhandelspreise in Österreich im Ju
gtf-0356,doc-a72c0918e27dd12b,src-stat-austria,percentage_statistic,5,en,AMBIGUOUS,TRUE_MATERIAL_FACT,HIGH,"metric=True, unit=True, entity=False, period=True; nav_count=0, listing_count=0; dom_location=UNKNOWN, is_listing_page=False, is_nav_heavy=False; occurrences=717",rändert 07.08.2026 Österreichs Außenhandel im Mai 2026: Importe und Exporte gestiegen 07.08.2026 Weniger Firmenpleiten im 2. Quartal 2026 in Österreich 06.08.2026 Großhandelspreise in Österreich im Ju
gtf-0362,doc-a72c0918e27dd12b,src-stat-austria,percentage_statistic,5,en,AMBIGUOUS,TRUE_MATERIAL_FACT,HIGH,"metric=True, unit=True, entity=False, period=True; nav_count=0, listing_count=0; dom_location=UNKNOWN, is_listing_page=False, is_nav_heavy=False; occurrences=717",rändert 07.08.2026 Österreichs Außenhandel im Mai 2026: Importe und Exporte gestiegen 07.08.2026 Weniger Firmenpleiten im 2. Quartal 2026 in Österreich 06.08.2026 Großhandelspreise in Österreich im Ju
gtf-0379,doc-a72c0918e27dd12b,src-stat-austria,percentage_statistic,5,en,AMBIGUOUS,TRUE_MATERIAL_FACT,HIGH,"metric=True, unit=True, entity=False, period=True; nav_count=0, listing_count=0; dom_location=UNKNOWN, is_listing_page=False, is_nav_heavy=False; occurrences=717",rändert 07.08.2026 Österreichs Außenhandel im Mai 2026: Importe und Exporte gestiegen 07.08.2026 Weniger Firmenpleiten im 2. Quartal 2026 in Österreich 06.08.2026 Großhandelspreise in Österreich im Ju
gtf-0383,doc-a72c0918e27dd12b,src-stat-austria,percentage_statistic,5,en,AMBIGUOUS,TRUE_MATERIAL_FACT,HIGH,"metric=True, unit=True, entity=False, period=True; nav_count=0, listing_count=0; dom_location=UNKNOWN, is_listing_page=False, is_nav_heavy=False; occurrences=717",rändert 07.08.2026 Österreichs Außenhandel im Mai 2026: Importe und Exporte gestiegen 07.08.2026 Weniger Firmenpleiten im 2. Quartal 2026 in Österreich 06.08.2026 Großhandelspreise in Österreich im Ju
gtf-0393,doc-a72c0918e27dd12b,src-stat-austria,percentage_statistic,5,en,AMBIGUOUS,TRUE_MATERIAL_FACT,HIGH,"metric=True, unit=True, entity=False, period=True; nav_count=0, listing_count=0; dom_location=UNKNOWN, is_listing_page=False, is_nav_heavy=False; occurrences=717",rändert 07.08.2026 Österreichs Außenhandel im Mai 2026: Importe und Exporte gestiegen 07.08.2026 Weniger Firmenpleiten im 2. Quartal 2026 in Österreich 06.08.2026 Großhandelspreise in Österreich im Ju
gtf-0428,doc-a72c0918e27dd12b,src-stat-austria,percentage_statistic,5,en,AMBIGUOUS,TRUE_MATERIAL_FACT,HIGH,"metric=True, unit=True, entity=False, period=True; nav_count=0, listing_count=0; dom_location=UNKNOWN, is_listing_page=False, is_nav_heavy=False; occurrences=717",rändert 07.08.2026 Österreichs Außenhandel im Mai 2026: Importe und Exporte gestiegen 07.08.2026 Weniger Firmenpleiten im 2. Quartal 2026 in Österreich 06.08.2026 Großhandelspreise in Österreich im Ju
gtf-0434,doc-a72c0918e27dd12b,src-stat-austria,percentage_statistic,5,en,AMBIGUOUS,TRUE_MATERIAL_FACT,HIGH,"metric=True, unit=True, entity=False, period=True; nav_count=0, listing_count=0; dom_location=UNKNOWN, is_listing_page=False, is_nav_heavy=False; occurrences=717",rändert 07.08.2026 Österreichs Außenhandel im Mai 2026: Importe und Exporte gestiegen 07.08.2026 Weniger Firmenpleiten im 2. Quartal 2026 in Österreich 06.08.2026 Großhandelspreise in Österreich im Ju
gtf-0435,doc-a72c0918e27dd12b,src-stat-austria,percentage_statistic,5,en,AMBIGUOUS,TRUE_MATERIAL_FACT,HIGH,"metric=True, unit=True, entity=False, period=True; nav_count=0, listing_count=0; dom_location=UNKNOWN, is_listing_page=False, is_nav_heavy=False; occurrences=717",rändert 07.08.2026 Österreichs Außenhandel im Mai 2026: Importe und Exporte gestiegen 07.08.2026 Weniger Firmenpleiten im 2. Quartal 2026 in Österreich 06.08.2026 Großhandelspreise in Österreich im Ju
gtf-0451,doc-a72c0918e27dd12b,src-stat-austria,percentage_statistic,5,en,AMBIGUOUS,TRUE_MATERIAL_FACT,HIGH,"metric=True, unit=True, entity=False, period=True; nav_count=0, listing_count=0; dom_location=UNKNOWN, is_listing_page=False, is_nav_heavy=False; occurrences=717",rändert 07.08.2026 Österreichs Außenhandel im Mai 2026: Importe und Exporte gestiegen 07.08.2026 Weniger Firmenpleiten im 2. Quartal 2026 in Österreich 06.08.2026 Großhandelspreise in Österreich im Ju
gtf-0457,doc-a72c0918e27dd12b,src-stat-austria,percentage_statistic,5,en,AMBIGUOUS,TRUE_MATERIAL_FACT,HIGH,"metric=True, unit=True, entity=False, period=True; nav_count=0, listing_count=0; dom_location=UNKNOWN, is_listing_page=False, is_nav_heavy=False; occurrences=717",rändert 07.08.2026 Österreichs Außenhandel im Mai 2026: Importe und Exporte gestiegen 07.08.2026 Weniger Firmenpleiten im 2. Quartal 2026 in Österreich 06.08.2026 Großhandelspreise in Österreich im Ju
gtf-0459,doc-a72c0918e27dd12b,src-stat-austria,percentage_statistic,5,en,AMBIGUOUS,TRUE_MATERIAL_FACT,HIGH,"metric=True, unit=True, entity=False, period=True; nav_count=0, listing_count=0; dom_location=UNKNOWN, is_listing_page=False, is_nav_heavy=False; occurrences=717",rändert 07.08.2026 Österreichs Außenhandel im Mai 2026: Importe und Exporte gestiegen 07.08.2026 Weniger Firmenpleiten im 2. Quartal 2026 in Österreich 06.08.2026 Großhandelspreise in Österreich im Ju
gtf-0464,doc-a72c0918e27dd12b,src-stat-austria,percentage_statistic,5,en,AMBIGUOUS,TRUE_MATERIAL_FACT,HIGH,"metric=True, unit=True, entity=False, period=True; nav_count=0, listing_count=0; dom_location=UNKNOWN, is_listing_page=False, is_nav_heavy=False; occurrences=717",rändert 07.08.2026 Österreichs Außenhandel im Mai 2026: Importe und Exporte gestiegen 07.08.2026 Weniger Firmenpleiten im 2. Quartal 2026 in Österreich 06.08.2026 Großhandelspreise in Österreich im Ju
gtf-0468,doc-a72c0918e27dd12b,src-stat-austria,percentage_statistic,5,en,AMBIGUOUS,TRUE_MATERIAL_FACT,HIGH,"metric=True, unit=True, entity=False, period=True; nav_count=0, listing_count=0; dom_location=UNKNOWN, is_listing_page=False, is_nav_heavy=False; occurrences=717",rändert 07.08.2026 Österreichs Außenhandel im Mai 2026: Importe und Exporte gestiegen 07.08.2026 Weniger Firmenpleiten im 2. Quartal 2026 in Österreich 06.08.2026 Großhandelspreise in Österreich im Ju
gtf-0474,doc-a72c0918e27dd12b,src-stat-austria,percentage_statistic,5,en,AMBIGUOUS,TRUE_MATERIAL_FACT,HIGH,"metric=True, unit=True, entity=False, period=True; nav_count=0, listing_count=0; dom_location=UNKNOWN, is_listing_page=False, is_nav_heavy=False; occurrences=717",rändert 07.08.2026 Österreichs Außenhandel im Mai 2026: Importe und Exporte gestiegen 07.08.2026 Weniger Firmenpleiten im 2. Quartal 2026 in Österreich 06.08.2026 Großhandelspreise in Österreich im Ju
gtf-0475,doc-a72c0918e27dd12b,src-stat-austria,percentage_statistic,5,en,AMBIGUOUS,TRUE_MATERIAL_FACT,HIGH,"metric=True, unit=True, entity=False, period=True; nav_count=0, listing_count=0; dom_location=UNKNOWN, is_listing_page=False, is_nav_heavy=False; occurrences=717",rändert 07.08.2026 Österreichs Außenhandel im Mai 2026: Importe und Exporte gestiegen 07.08.2026 Weniger Firmenpleiten im 2. Quartal 2026 in Österreich 06.08.2026 Großhandelspreise in Österreich im Ju
gtf-0477,doc-a72c0918e27dd12b,src-stat-austria,percentage_statistic,52,en,AMBIGUOUS,TRUE_MATERIAL_FACT,HIGH,"metric=True, unit=True, entity=False, period=True; nav_count=0, listing_count=0; dom_location=UNKNOWN, is_listing_page=False, is_nav_heavy=False; occurrences=2","ter unter Vorkrisenniveau 18.06.2024 Inflation im Mai 2024 bei 3,4 % 17.06.2024 Österreich macht Fortschritte bei nachhaltiger Entwicklung 14.06.2024 Baukosten im Mai 2024 höher als vor einem Jahr 14."
gtf-0491,doc-a72c0918e27dd12b,src-stat-austria,percentage_statistic,5,en,AMBIGUOUS,TRUE_MATERIAL_FACT,HIGH,"metric=True, unit=True, entity=False, period=True; nav_count=0, listing_count=0; dom_location=UNKNOWN, is_listing_page=False, is_nav_heavy=False; occurrences=717",rändert 07.08.2026 Österreichs Außenhandel im Mai 2026: Importe und Exporte gestiegen 07.08.2026 Weniger Firmenpleiten im 2. Quartal 2026 in Österreich 06.08.2026 Großhandelspreise in Österreich im Ju
gtf-0497,doc-a72c0918e27dd12b,src-stat-austria,percentage_statistic,5,en,AMBIGUOUS,TRUE_MATERIAL_FACT,HIGH,"metric=True, unit=True, entity=False, period=True; nav_count=0, listing_count=0; dom_location=UNKNOWN, is_listing_page=False, is_nav_heavy=False; occurrences=717",rändert 07.08.2026 Österreichs Außenhandel im Mai 2026: Importe und Exporte gestiegen 07.08.2026 Weniger Firmenpleiten im 2. Quartal 2026 in Österreich 06.08.2026 Großhandelspreise in Österreich im Ju
gtf-0499,doc-a72c0918e27dd12b,src-stat-austria,percentage_statistic,5,en,AMBIGUOUS,TRUE_MATERIAL_FACT,HIGH,"metric=True, unit=True, entity=False, period=True; nav_count=0, listing_count=0; dom_location=UNKNOWN, is_listing_page=False, is_nav_heavy=False; occurrences=717",rändert 07.08.2026 Österreichs Außenhandel im Mai 2026: Importe und Exporte gestiegen 07.08.2026 Weniger Firmenpleiten im 2. Quartal 2026 in Österreich 06.08.2026 Großhandelspreise in Österreich im Ju
gtf-0521,doc-a72c0918e27dd12b,src-stat-austria,percentage_statistic,5,en,AMBIGUOUS,TRUE_MATERIAL_FACT,HIGH,"metric=True, unit=True, entity=False, period=True; nav_count=0, listing_count=0; dom_location=UNKNOWN, is_listing_page=False, is_nav_heavy=False; occurrences=717",rändert 07.08.2026 Österreichs Außenhandel im Mai 2026: Importe und Exporte gestiegen 07.08.2026 Weniger Firmenpleiten im 2. Quartal 2026 in Österreich 06.08.2026 Großhandelspreise in Österreich im Ju
gtf-0523,doc-a72c0918e27dd12b,src-stat-austria,percentage_statistic,5,en,AMBIGUOUS,TRUE_MATERIAL_FACT,HIGH,"metric=True, unit=True, entity=False, period=True; nav_count=0, listing_count=0; dom_location=UNKNOWN, is_listing_page=False, is_nav_heavy=False; occurrences=717",rändert 07.08.2026 Österreichs Außenhandel im Mai 2026: Importe und Exporte gestiegen 07.08.2026 Weniger Firmenpleiten im 2. Quartal 2026 in Österreich 06.08.2026 Großhandelspreise in Österreich im Ju
gtf-0524,doc-a72c0918e27dd12b,src-stat-austria,percentage_statistic,5,en,AMBIGUOUS,TRUE_MATERIAL_FACT,HIGH,"metric=True, unit=True, entity=False, period=True; nav_count=0, listing_count=0; dom_location=UNKNOWN, is_listing_page=False, is_nav_heavy=False; occurrences=717",rändert 07.08.2026 Österreichs Außenhandel im Mai 2026: Importe und Exporte gestiegen 07.08.2026 Weniger Firmenpleiten im 2. Quartal 2026 in Österreich 06.08.2026 Großhandelspreise in Österreich im Ju
gtf-0527,doc-a72c0918e27dd12b,src-stat-austria,percentage_statistic,5,en,AMBIGUOUS,TRUE_MATERIAL_FACT,HIGH,"metric=True, unit=True, entity=False, period=True; nav_count=0, listing_count=0; dom_location=UNKNOWN, is_listing_page=False, is_nav_heavy=False; occurrences=717",rändert 07.08.2026 Österreichs Außenhandel im Mai 2026: Importe und Exporte gestiegen 07.08.2026 Weniger Firmenpleiten im 2. Quartal 2026 in Österreich 06.08.2026 Großhandelspreise in Österreich im Ju
gtf-0531,doc-a72c0918e27dd12b,src-stat-austria,percentage_statistic,5,en,AMBIGUOUS,TRUE_MATERIAL_FACT,HIGH,"metric=True, unit=True, entity=False, period=True; nav_count=0, listing_count=0; dom_location=UNKNOWN, is_listing_page=False, is_nav_heavy=False; occurrences=717",rändert 07.08.2026 Österreichs Außenhandel im Mai 2026: Importe und Exporte gestiegen 07.08.2026 Weniger Firmenpleiten im 2. Quartal 2026 in Österreich 06.08.2026 Großhandelspreise in Österreich im Ju
gtf-0533,doc-a72c0918e27dd12b,src-stat-austria,percentage_statistic,5,en,AMBIGUOUS,TRUE_MATERIAL_FACT,HIGH,"metric=True, unit=True, entity=False, period=True; nav_count=0, listing_count=0; dom_location=UNKNOWN, is_listing_page=False, is_nav_heavy=False; occurrences=717",rändert 07.08.2026 Österreichs Außenhandel im Mai 2026: Importe und Exporte gestiegen 07.08.2026 Weniger Firmenpleiten im 2. Quartal 2026 in Österreich 06.08.2026 Großhandelspreise in Österreich im Ju
gtf-0542,doc-a72c0918e27dd12b,src-stat-austria,percentage_statistic,5,en,AMBIGUOUS,TRUE_MATERIAL_FACT,HIGH,"metric=True, unit=True, entity=False, period=True; nav_count=0, listing_count=0; dom_location=UNKNOWN, is_listing_page=False, is_nav_heavy=False; occurrences=717",rändert 07.08.2026 Österreichs Außenhandel im Mai 2026: Importe und Exporte gestiegen 07.08.2026 Weniger Firmenpleiten im 2. Quartal 2026 in Österreich 06.08.2026 Großhandelspreise in Österreich im Ju
gtf-0544,doc-a72c0918e27dd12b,src-stat-austria,percentage_statistic,5,en,AMBIGUOUS,TRUE_MATERIAL_FACT,HIGH,"metric=True, unit=True, entity=False, period=True; nav_count=0, listing_count=0; dom_location=UNKNOWN, is_listing_page=False, is_nav_heavy=False; occurrences=717",rändert 07.08.2026 Österreichs Außenhandel im Mai 2026: Importe und Exporte gestiegen 07.08.2026 Weniger Firmenpleiten im 2. Quartal 2026 in Österreich 06.08.2026 Großhandelspreise in Österreich im Ju
gtf-0592,doc-8700a0859c829c44,imp-bea,percentage_statistic,11.7,en,AMBIGUOUS,TRUE_MATERIAL_FACT,HIGH,"metric=True, unit=True, entity=False, period=True; nav_count=0, listing_count=0; dom_location=UNKNOWN, is_listing_page=False, is_nav_heavy=True; occurrences=1","ected a decrease in the goods deficit of $3.9 billion to $102.1 billion and an increase in the services surplus of $0.5 billion to $28.8 billion. Year-to-date, the goods and services deficit decreased"
gtf-0593,doc-8700a0859c829c44,imp-bea,percentage_statistic,0.4,en,AMBIGUOUS,TRUE_MATERIAL_FACT,HIGH,"metric=True, unit=True, entity=False, period=True; nav_count=0, listing_count=0; dom_location=UNKNOWN, is_listing_page=False, is_nav_heavy=True; occurrences=5","llion to $102.1 billion and an increase in the services surplus of $0.5 billion to $28.8 billion. Year-to-date, the goods and services deficit decreased $189.3 billion, or 33.8 percent, from the same "
gtf-0601,doc-8700a0859c829c44,imp-bea,percentage_statistic,0.1,en,AMBIGUOUS,TRUE_MATERIAL_FACT,HIGH,"metric=True, unit=True, entity=True, period=True; nav_count=0, listing_count=0; dom_location=UNKNOWN, is_listing_page=False, is_nav_heavy=True; occurrences=7", preparations decreased $1.9 billion. Net balance of payments adjustments decreased $0.2 billion. Imports of services increased $0.6 billion to $79.0 billion in June. Charges for the use of intellectu
gtf-0602,doc-8700a0859c829c44,imp-bea,percentage_statistic,0.1,en,AMBIGUOUS,TRUE_MATERIAL_FACT,HIGH,"metric=True, unit=True, entity=True, period=True; nav_count=0, listing_count=0; dom_location=UNKNOWN, is_listing_page=False, is_nav_heavy=True; occurrences=7", preparations decreased $1.9 billion. Net balance of payments adjustments decreased $0.2 billion. Imports of services increased $0.6 billion to $79.0 billion in June. Charges for the use of intellectu
gtf-0603,doc-8700a0859c829c44,imp-bea,percentage_statistic,0.1,en,AMBIGUOUS,TRUE_MATERIAL_FACT,HIGH,"metric=True, unit=True, entity=True, period=True; nav_count=0, listing_count=0; dom_location=UNKNOWN, is_listing_page=False, is_nav_heavy=True; occurrences=7", preparations decreased $1.9 billion. Net balance of payments adjustments decreased $0.2 billion. Imports of services increased $0.6 billion to $79.0 billion in June. Charges for the use of intellectu
gtf-0604,doc-8700a0859c829c44,imp-bea,percentage_statistic,1.5,en,AMBIGUOUS,REMAINS_AMBIGUOUS,LOW,"metric=False, unit=True, entity=True, period=True; nav_count=0, listing_count=0; dom_location=UNKNOWN, is_listing_page=False, is_nav_heavy=True; occurrences=2","3), and Belgium ($0.9). Deficits were recorded, in billions of dollars, with Vietnam ($21.6), Mexico ($20.3), China ($15.3), Taiwan ($14.9), European Union ($10.9), South Korea ($7.4), Canada ($7.2), "
gtf-0620,doc-8700a0859c829c44,imp-bea,usd_amount,198.3,en,AMBIGUOUS,TRUE_MATERIAL_FACT,HIGH,"metric=True, unit=True, entity=False, period=True; nav_count=0, listing_count=0; dom_location=UNKNOWN, is_listing_page=False, is_nav_heavy=True; occurrences=1","ices deficit reflected a decrease in the goods deficit of $3.9 billion to $102.1 billion and an increase in the services surplus of $0.5 billion to $28.8 billion. Year-to-date, the goods and services "
gtf-0621,doc-8700a0859c829c44,imp-bea,usd_amount,9.0,en,AMBIGUOUS,TRUE_MATERIAL_FACT,HIGH,"metric=True, unit=True, entity=False, period=True; nav_count=0, listing_count=0; dom_location=UNKNOWN, is_listing_page=False, is_nav_heavy=True; occurrences=48","icit of $3.9 billion to $102.1 billion and an increase in the services surplus of $0.5 billion to $28.8 billion. Year-to-date, the goods and services deficit decreased $189.3 billion, or 33.8 percent,"
gtf-0623,doc-8700a0859c829c44,imp-bea,usd_amount,68.5,en,AMBIGUOUS,REMAINS_AMBIGUOUS,LOW,"metric=False, unit=True, entity=True, period=True; nav_count=0, listing_count=0; dom_location=UNKNOWN, is_listing_page=False, is_nav_heavy=True; occurrences=1","ds and services deficit decreased $189.3 billion, or 33.8 percent, from the same period in 2025. Exports increased $198.3 billion or 11.7 percent. Imports increased $9.0 billion or 0.4 percent. Three-"
gtf-0624,doc-8700a0859c829c44,imp-bea,usd_amount,1.3,en,AMBIGUOUS,REMAINS_AMBIGUOUS,LOW,"list/table structure nearby; metric=False, unit=True, entity=True, period=True; nav_count=0, listing_count=0; dom_location=LIST_TABLE, is_listing_page=False, is_nav_heavy=True; occurrences=2",ame period in 2025. Exports increased $198.3 billion or 11.7 percent. Imports increased $9.0 billion or 0.4 percent. Three-Month Moving Averages (exhibit 2) The average goods and services deficit incr
gtf-0625,doc-8700a0859c829c44,imp-bea,usd_amount,320.2,en,AMBIGUOUS,REMAINS_AMBIGUOUS,LOW,"list/table structure nearby; metric=False, unit=True, entity=True, period=True; nav_count=0, listing_count=0; dom_location=LIST_TABLE, is_listing_page=False, is_nav_heavy=True; occurrences=1",25. Exports increased $198.3 billion or 11.7 percent. Imports increased $9.0 billion or 0.4 percent. Three-Month Moving Averages (exhibit 2) The average goods and services deficit increased $5.6 billi
gtf-0626,doc-8700a0859c829c44,imp-bea,usd_amount,4.2,en,AMBIGUOUS,REMAINS_AMBIGUOUS,LOW,"metric=False, unit=True, entity=True, period=True; nav_count=0, listing_count=0; dom_location=UNKNOWN, is_listing_page=False, is_nav_heavy=True; occurrences=1",nt. Imports increased $9.0 billion or 0.4 percent. Three-Month Moving Averages (exhibit 2) The average goods and services deficit increased $5.6 billion to $68.5 billion for the three months ending in
gtf-0627,doc-8700a0859c829c44,imp-bea,usd_amount,388.7,en,AMBIGUOUS,REMAINS_AMBIGUOUS,LOW,"list/table structure nearby; metric=False, unit=True, entity=True, period=True; nav_count=0, listing_count=0; dom_location=LIST_TABLE, is_listing_page=False, is_nav_heavy=True; occurrences=1",eased $9.0 billion or 0.4 percent. Three-Month Moving Averages (exhibit 2) The average goods and services deficit increased $5.6 billion to $68.5 billion for the three months ending in June. Average e
gtf-0628,doc-8700a0859c829c44,imp-bea,usd_amount,6.6,en,AMBIGUOUS,REMAINS_AMBIGUOUS,LOW,"list/table structure nearby; metric=False, unit=True, entity=True, period=True; nav_count=0, listing_count=0; dom_location=LIST_TABLE, is_listing_page=False, is_nav_heavy=True; occurrences=1",ods and services deficit increased $5.6 billion to $68.5 billion for the three months ending in June. Average exports decreased $1.3 billion to $320.2 billion in June. Average imports increased $4.2 b
gtf-0629,doc-8700a0859c829c44,imp-bea,usd_amount,35.6,en,AMBIGUOUS,REMAINS_AMBIGUOUS,LOW,"list/table structure nearby; metric=False, unit=True, entity=True, period=True; nav_count=0, listing_count=0; dom_location=LIST_TABLE, is_listing_page=False, is_nav_heavy=True; occurrences=1","ths ending in June. Average exports decreased $1.3 billion to $320.2 billion in June. Average imports increased $4.2 billion to $388.7 billion in June. Year-over-year, the average goods and services d"
gtf-0630,doc-8700a0859c829c44,imp-bea,usd_amount,42.1,en,AMBIGUOUS,REMAINS_AMBIGUOUS,LOW,"list/table structure nearby; metric=False, unit=True, entity=True, period=True; nav_count=0, listing_count=0; dom_location=LIST_TABLE, is_listing_page=False, is_nav_heavy=True; occurrences=1","on to $320.2 billion in June. Average imports increased $4.2 billion to $388.7 billion in June. Year-over-year, the average goods and services deficit increased $6.6 billion from the three months endi"
gtf-0632,doc-8700a0859c829c44,imp-bea,usd_amount,206.9,en,AMBIGUOUS,REMAINS_AMBIGUOUS,LOW,"list/table structure nearby; metric=False, unit=True, entity=True, period=True; nav_count=0, listing_count=0; dom_location=LIST_TABLE, is_listing_page=False, is_nav_heavy=True; occurrences=1","r-year, the average goods and services deficit increased $6.6 billion from the three months ending in June 2025. Average exports increased $35.6 billion from June 2025. Average imports increased $42.1"
gtf-0635,doc-8700a0859c829c44,imp-bea,usd_amount,5.7,en,AMBIGUOUS,REMAINS_AMBIGUOUS,LOW,"list/table structure nearby; metric=False, unit=True, entity=True, period=True; nav_count=0, listing_count=0; dom_location=LIST_TABLE, is_listing_page=False, is_nav_heavy=True; occurrences=1","e 2025. Average imports increased $42.1 billion from June 2025. Exports (exhibits 3, 6, and 7) Exports of goods decreased $4.0 billion to $206.9 billion in June. Exports of goods on a Census basis dec"
gtf-0636,doc-8700a0859c829c44,imp-bea,usd_amount,1.6,en,AMBIGUOUS,REMAINS_AMBIGUOUS,LOW,"list/table structure nearby; metric=False, unit=True, entity=True, period=True; nav_count=0, listing_count=0; dom_location=LIST_TABLE, is_listing_page=False, is_nav_heavy=True; occurrences=3"," $42.1 billion from June 2025. Exports (exhibits 3, 6, and 7) Exports of goods decreased $4.0 billion to $206.9 billion in June. Exports of goods on a Census basis decreased $3.8 billion. Industrial s"
gtf-0637,doc-8700a0859c829c44,imp-bea,usd_amount,3.4,en,AMBIGUOUS,REMAINS_AMBIGUOUS,LOW,"list/table structure nearby; metric=False, unit=True, entity=True, period=True; nav_count=0, listing_count=0; dom_location=LIST_TABLE, is_listing_page=False, is_nav_heavy=True; occurrences=1","xhibits 3, 6, and 7) Exports of goods decreased $4.0 billion to $206.9 billion in June. Exports of goods on a Census basis decreased $3.8 billion. Industrial supplies and materials decreased $3.3 bill"
gtf-0638,doc-8700a0859c829c44,imp-bea,usd_amount,0.8,en,AMBIGUOUS,REMAINS_AMBIGUOUS,LOW,"list/table structure nearby; metric=False, unit=True, entity=True, period=True; nav_count=0, listing_count=0; dom_location=LIST_TABLE, is_listing_page=False, is_nav_heavy=True; occurrences=1",s decreased $4.0 billion to $206.9 billion in June. Exports of goods on a Census basis decreased $3.8 billion. Industrial supplies and materials decreased $3.3 billion. Crude oil decreased $5.7 billio
gtf-0639,doc-8700a0859c829c44,imp-bea,usd_amount,0.6,en,AMBIGUOUS,REMAINS_AMBIGUOUS,LOW,"list/table structure nearby; metric=False, unit=True, entity=True, period=True; nav_count=0, listing_count=0; dom_location=LIST_TABLE, is_listing_page=False, is_nav_heavy=True; occurrences=2",lion in June. Exports of goods on a Census basis decreased $3.8 billion. Industrial supplies and materials decreased $3.3 billion. Crude oil decreased $5.7 billion. Fuel oil decreased $1.6 billion. No
gtf-0640,doc-8700a0859c829c44,imp-bea,usd_amount,1.1,en,AMBIGUOUS,TRUE_MATERIAL_FACT,MEDIUM,"list/table structure nearby; metric=True, unit=True, entity=True, period=True; nav_count=0, listing_count=0; dom_location=LIST_TABLE, is_listing_page=False, is_nav_heavy=True; occurrences=3",a Census basis decreased $3.8 billion. Industrial supplies and materials decreased $3.3 billion. Crude oil decreased $5.7 billion. Fuel oil decreased $1.6 billion. Nonmonetary gold increased $3.4 bill
gtf-0642,doc-8700a0859c829c44,imp-bea,usd_amount,1.1,en,AMBIGUOUS,TRUE_MATERIAL_FACT,MEDIUM,"list/table structure nearby; metric=True, unit=True, entity=True, period=True; nav_count=0, listing_count=0; dom_location=LIST_TABLE, is_listing_page=False, is_nav_heavy=True; occurrences=3",a Census basis decreased $3.8 billion. Industrial supplies and materials decreased $3.3 billion. Crude oil decreased $5.7 billion. Fuel oil decreased $1.6 billion. Nonmonetary gold increased $3.4 bill
gtf-0643,doc-8700a0859c829c44,imp-bea,usd_amount,107.8,en,AMBIGUOUS,REMAINS_AMBIGUOUS,LOW,"metric=False, unit=True, entity=True, period=True; nav_count=0, listing_count=0; dom_location=UNKNOWN, is_listing_page=False, is_nav_heavy=True; occurrences=1","and industrial use of gold. For additional information, see “ How are exports and imports of gold recorded in BEA’s International Economic Accounts? ” and “ How are exports and imports of nonmonetary "
gtf-0645,doc-8700a0859c829c44,imp-bea,usd_amount,0.4,en,AMBIGUOUS,TRUE_MATERIAL_FACT,HIGH,"metric=True, unit=True, entity=False, period=True; nav_count=0, listing_count=0; dom_location=UNKNOWN, is_listing_page=False, is_nav_heavy=True; occurrences=5","llion to $102.1 billion and an increase in the services surplus of $0.5 billion to $28.8 billion. Year-to-date, the goods and services deficit decreased $189.3 billion, or 33.8 percent, from the same "
gtf-0646,doc-8700a0859c829c44,imp-bea,usd_amount,7.9,en,AMBIGUOUS,REMAINS_AMBIGUOUS,LOW,"list/table structure nearby; metric=False, unit=True, entity=True, period=True; nav_count=0, listing_count=0; dom_location=LIST_TABLE, is_listing_page=False, is_nav_heavy=True; occurrences=1", How are exports and imports of nonmonetary gold treated in BEA’s National Economic Accounts?” . Exports of services increased $1.1 billion to $107.8 billion in June. Financial services increased $0.5
gtf-0647,doc-8700a0859c829c44,imp-bea,usd_amount,309.0,en,AMBIGUOUS,REMAINS_AMBIGUOUS,LOW,"list/table structure nearby; metric=False, unit=True, entity=True, period=True; nav_count=0, listing_count=0; dom_location=LIST_TABLE, is_listing_page=False, is_nav_heavy=True; occurrences=1", and imports of nonmonetary gold treated in BEA’s National Economic Accounts?” . Exports of services increased $1.1 billion to $107.8 billion in June. Financial services increased $0.5 billion. Travel
gtf-0648,doc-8700a0859c829c44,imp-bea,usd_amount,7.7,en,AMBIGUOUS,REMAINS_AMBIGUOUS,LOW,"list/table structure nearby; metric=False, unit=True, entity=True, period=True; nav_count=0, listing_count=0; dom_location=LIST_TABLE, is_listing_page=False, is_nav_heavy=True; occurrences=2","ccounts?” . Exports of services increased $1.1 billion to $107.8 billion in June. Financial services increased $0.5 billion. Travel increased $0.4 billion. Imports (exhibits 4, 6, and 8) Imports of go"
gtf-0651,doc-8700a0859c829c44,imp-bea,usd_amount,1.1,en,AMBIGUOUS,TRUE_MATERIAL_FACT,MEDIUM,"list/table structure nearby; metric=True, unit=True, entity=True, period=True; nav_count=0, listing_count=0; dom_location=LIST_TABLE, is_listing_page=False, is_nav_heavy=True; occurrences=3",a Census basis decreased $3.8 billion. Industrial supplies and materials decreased $3.3 billion. Crude oil decreased $5.7 billion. Fuel oil decreased $1.6 billion. Nonmonetary gold increased $3.4 bill
gtf-0653,doc-8700a0859c829c44,imp-bea,usd_amount,1.9,en,AMBIGUOUS,TRUE_MATERIAL_FACT,MEDIUM,"list/table structure nearby; metric=True, unit=True, entity=True, period=True; nav_count=0, listing_count=0; dom_location=LIST_TABLE, is_listing_page=False, is_nav_heavy=True; occurrences=1",.9 billion to $309.0 billion in June. Imports of goods on a Census basis decreased $7.7 billion. Capital goods decreased $2.1 billion. Computers decreased $3.0 billion. Telecommunications equipment in
gtf-0655,doc-8700a0859c829c44,imp-bea,usd_amount,0.6,en,AMBIGUOUS,REMAINS_AMBIGUOUS,LOW,"list/table structure nearby; metric=False, unit=True, entity=True, period=True; nav_count=0, listing_count=0; dom_location=LIST_TABLE, is_listing_page=False, is_nav_heavy=True; occurrences=2",lion in June. Exports of goods on a Census basis decreased $3.8 billion. Industrial supplies and materials decreased $3.3 billion. Crude oil decreased $5.7 billion. Fuel oil decreased $1.6 billion. No
gtf-0656,doc-8700a0859c829c44,imp-bea,usd_amount,79.0,en,AMBIGUOUS,REMAINS_AMBIGUOUS,LOW,"list/table structure nearby; metric=False, unit=True, entity=True, period=True; nav_count=0, listing_count=0; dom_location=LIST_TABLE, is_listing_page=False, is_nav_heavy=True; occurrences=1", $2.1 billion. Computers decreased $3.0 billion. Telecommunications equipment increased $1.1 billion. Consumer goods decreased $2.1 billion. Pharmaceutical preparations decreased $1.9 billion. Net bal
gtf-0657,doc-8700a0859c829c44,imp-bea,usd_amount,0.7,en,AMBIGUOUS,TRUE_MATERIAL_FACT,MEDIUM,"list/table structure nearby; metric=True, unit=True, entity=True, period=True; nav_count=0, listing_count=0; dom_location=LIST_TABLE, is_listing_page=False, is_nav_heavy=True; occurrences=3",increased $1.1 billion. Consumer goods decreased $2.1 billion. Pharmaceutical preparations decreased $1.9 billion. Net balance of payments adjustments decreased $0.2 billion. Imports of services incre
gtf-0659,doc-8700a0859c829c44,imp-bea,usd_amount,0.1,en,AMBIGUOUS,TRUE_MATERIAL_FACT,HIGH,"metric=True, unit=True, entity=True, period=True; nav_count=0, listing_count=0; dom_location=UNKNOWN, is_listing_page=False, is_nav_heavy=True; occurrences=7", preparations decreased $1.9 billion. Net balance of payments adjustments decreased $0.2 billion. Imports of services increased $0.6 billion to $79.0 billion in June. Charges for the use of intellectu
gtf-0660,doc-8700a0859c829c44,imp-bea,usd_amount,0.4,en,AMBIGUOUS,TRUE_MATERIAL_FACT,HIGH,"metric=True, unit=True, entity=False, period=True; nav_count=0, listing_count=0; dom_location=UNKNOWN, is_listing_page=False, is_nav_heavy=True; occurrences=5","llion to $102.1 billion and an increase in the services surplus of $0.5 billion to $28.8 billion. Year-to-date, the goods and services deficit decreased $189.3 billion, or 33.8 percent, from the same "
gtf-0668,doc-8700a0859c829c44,imp-bea,usd_amount,0.4,en,AMBIGUOUS,TRUE_MATERIAL_FACT,HIGH,"metric=True, unit=True, entity=False, period=True; nav_count=0, listing_count=0; dom_location=UNKNOWN, is_listing_page=False, is_nav_heavy=True; occurrences=5","llion to $102.1 billion and an increase in the services surplus of $0.5 billion to $28.8 billion. Year-to-date, the goods and services deficit decreased $189.3 billion, or 33.8 percent, from the same "
gtf-0671,doc-8700a0859c829c44,imp-bea,usd_amount,7.2,en,AMBIGUOUS,REMAINS_AMBIGUOUS,LOW,"list/table structure nearby; metric=False, unit=True, entity=True, period=True; nav_count=0, listing_count=0; dom_location=LIST_TABLE, is_listing_page=False, is_nav_heavy=True; occurrences=2",vised down $0.4 billion. Revisions to May imports Imports of goods were revised down $0.2 billion. Imports of services were revised up $0.2 billion. Goods by Selected Countries and Areas: Monthly – Ce
gtf-0673,doc-8700a0859c829c44,imp-bea,usd_amount,3.2,en,AMBIGUOUS,REMAINS_AMBIGUOUS,LOW,"list/table structure nearby; metric=False, unit=True, entity=True, period=True; nav_count=0, listing_count=0; dom_location=LIST_TABLE, is_listing_page=False, is_nav_heavy=True; occurrences=1",ports of goods were revised down $0.2 billion. Imports of services were revised up $0.2 billion. Goods by Selected Countries and Areas: Monthly – Census Basis (exhibit 19) The June figures show surplu
gtf-0675,doc-8700a0859c829c44,imp-bea,usd_amount,2.2,en,AMBIGUOUS,REMAINS_AMBIGUOUS,LOW,"metric=False, unit=True, entity=True, period=True; nav_count=0, listing_count=0; dom_location=UNKNOWN, is_listing_page=False, is_nav_heavy=True; occurrences=1","on. Imports of services were revised up $0.2 billion. Goods by Selected Countries and Areas: Monthly – Census Basis (exhibit 19) The June figures show surpluses, in billions of dollars, with Netherlan"
gtf-0678,doc-8700a0859c829c44,imp-bea,usd_amount,1.7,en,AMBIGUOUS,TRUE_MATERIAL_FACT,HIGH,"metric=True, unit=True, entity=False, period=True; nav_count=0, listing_count=0; dom_location=UNKNOWN, is_listing_page=False, is_nav_heavy=True; occurrences=2","cted a decrease in the goods deficit of $3.9 billion to $102.1 billion and an increase in the services surplus of $0.5 billion to $28.8 billion. Year-to-date, the goods and services deficit decreased "
gtf-0679,doc-8700a0859c829c44,imp-bea,usd_amount,1.3,en,AMBIGUOUS,REMAINS_AMBIGUOUS,LOW,"list/table structure nearby; metric=False, unit=True, entity=True, period=True; nav_count=0, listing_count=0; dom_location=LIST_TABLE, is_listing_page=False, is_nav_heavy=True; occurrences=2",ame period in 2025. Exports increased $198.3 billion or 11.7 percent. Imports increased $9.0 billion or 0.4 percent. Three-Month Moving Averages (exhibit 2) The average goods and services deficit incr
gtf-0681,doc-8700a0859c829c44,imp-bea,usd_amount,21.6,en,AMBIGUOUS,REMAINS_AMBIGUOUS,LOW,"metric=False, unit=True, entity=True, period=True; nav_count=0, listing_count=0; dom_location=UNKNOWN, is_listing_page=False, is_nav_heavy=True; occurrences=1"," in billions of dollars, with Netherlands ($7.2), South and Central America ($5.6), Hong Kong ($3.2), Switzerland ($2.9), United Kingdom ($2.2), Singapore ($1.8), Saudi Arabia ($1.8), Brazil ($1.7), A"
gtf-0682,doc-8700a0859c829c44,imp-bea,usd_amount,20.3,en,AMBIGUOUS,REMAINS_AMBIGUOUS,LOW,"metric=False, unit=True, entity=True, period=True; nav_count=0, listing_count=0; dom_location=UNKNOWN, is_listing_page=False, is_nav_heavy=True; occurrences=1","dollars, with Netherlands ($7.2), South and Central America ($5.6), Hong Kong ($3.2), Switzerland ($2.9), United Kingdom ($2.2), Singapore ($1.8), Saudi Arabia ($1.8), Brazil ($1.7), Australia ($1.3),"
gtf-0683,doc-8700a0859c829c44,imp-bea,usd_amount,15.3,en,AMBIGUOUS,REMAINS_AMBIGUOUS,LOW,"metric=False, unit=True, entity=True, period=True; nav_count=0, listing_count=0; dom_location=UNKNOWN, is_listing_page=False, is_nav_heavy=True; occurrences=1","etherlands ($7.2), South and Central America ($5.6), Hong Kong ($3.2), Switzerland ($2.9), United Kingdom ($2.2), Singapore ($1.8), Saudi Arabia ($1.8), Brazil ($1.7), Australia ($1.3), and Belgium ($"
gtf-0684,doc-8700a0859c829c44,imp-bea,usd_amount,14.9,en,AMBIGUOUS,REMAINS_AMBIGUOUS,LOW,"metric=False, unit=True, entity=True, period=True; nav_count=0, listing_count=0; dom_location=UNKNOWN, is_listing_page=False, is_nav_heavy=True; occurrences=2","), South and Central America ($5.6), Hong Kong ($3.2), Switzerland ($2.9), United Kingdom ($2.2), Singapore ($1.8), Saudi Arabia ($1.8), Brazil ($1.7), Australia ($1.3), and Belgium ($0.9). Deficits w"
gtf-0685,doc-8700a0859c829c44,imp-bea,usd_amount,10.9,en,AMBIGUOUS,REMAINS_AMBIGUOUS,LOW,"metric=False, unit=True, entity=True, period=True; nav_count=0, listing_count=0; dom_location=UNKNOWN, is_listing_page=False, is_nav_heavy=True; occurrences=1","rica ($5.6), Hong Kong ($3.2), Switzerland ($2.9), United Kingdom ($2.2), Singapore ($1.8), Saudi Arabia ($1.8), Brazil ($1.7), Australia ($1.3), and Belgium ($0.9). Deficits were recorded, in billion"
gtf-0686,doc-8700a0859c829c44,imp-bea,usd_amount,7.4,en,AMBIGUOUS,REMAINS_AMBIGUOUS,LOW,"metric=False, unit=True, entity=True, period=True; nav_count=0, listing_count=0; dom_location=UNKNOWN, is_listing_page=False, is_nav_heavy=True; occurrences=2","g ($3.2), Switzerland ($2.9), United Kingdom ($2.2), Singapore ($1.8), Saudi Arabia ($1.8), Brazil ($1.7), Australia ($1.3), and Belgium ($0.9). Deficits were recorded, in billions of dollars, with Vi"
gtf-0687,doc-8700a0859c829c44,imp-bea,usd_amount,7.2,en,AMBIGUOUS,REMAINS_AMBIGUOUS,LOW,"list/table structure nearby; metric=False, unit=True, entity=True, period=True; nav_count=0, listing_count=0; dom_location=LIST_TABLE, is_listing_page=False, is_nav_heavy=True; occurrences=2",vised down $0.4 billion. Revisions to May imports Imports of goods were revised down $0.2 billion. Imports of services were revised up $0.2 billion. Goods by Selected Countries and Areas: Monthly – Ce
gtf-0688,doc-8700a0859c829c44,imp-bea,usd_amount,7.1,en,AMBIGUOUS,REMAINS_AMBIGUOUS,LOW,"metric=False, unit=True, entity=True, period=True; nav_count=0, listing_count=0; dom_location=UNKNOWN, is_listing_page=False, is_nav_heavy=True; occurrences=1","nited Kingdom ($2.2), Singapore ($1.8), Saudi Arabia ($1.8), Brazil ($1.7), Australia ($1.3), and Belgium ($0.9). Deficits were recorded, in billions of dollars, with Vietnam ($21.6), Mexico ($20.3), "
gtf-0692,doc-8700a0859c829c44,imp-bea,usd_amount,2.7,en,AMBIGUOUS,REMAINS_AMBIGUOUS,LOW,"metric=False, unit=True, entity=True, period=True; nav_count=0, listing_count=0; dom_location=UNKNOWN, is_listing_page=False, is_nav_heavy=True; occurrences=1","Brazil ($1.7), Australia ($1.3), and Belgium ($0.9). Deficits were recorded, in billions of dollars, with Vietnam ($21.6), Mexico ($20.3), China ($15.3), Taiwan ($14.9), European Union ($10.9), South "
gtf-0693,doc-8700a0859c829c44,imp-bea,usd_amount,2.5,en,AMBIGUOUS,REMAINS_AMBIGUOUS,LOW,"metric=False, unit=True, entity=True, period=True; nav_count=0, listing_count=0; dom_location=UNKNOWN, is_listing_page=False, is_nav_heavy=True; occurrences=1"," Australia ($1.3), and Belgium ($0.9). Deficits were recorded, in billions of dollars, with Vietnam ($21.6), Mexico ($20.3), China ($15.3), Taiwan ($14.9), European Union ($10.9), South Korea ($7.4), "
gtf-0694,doc-8700a0859c829c44,imp-bea,usd_amount,1.5,en,AMBIGUOUS,REMAINS_AMBIGUOUS,LOW,"metric=False, unit=True, entity=True, period=True; nav_count=0, listing_count=0; dom_location=UNKNOWN, is_listing_page=False, is_nav_heavy=True; occurrences=2","3), and Belgium ($0.9). Deficits were recorded, in billions of dollars, with Vietnam ($21.6), Mexico ($20.3), China ($15.3), Taiwan ($14.9), European Union ($10.9), South Korea ($7.4), Canada ($7.2), "
gtf-0695,doc-8700a0859c829c44,imp-bea,usd_amount,1.2,en,AMBIGUOUS,REMAINS_AMBIGUOUS,LOW,"metric=False, unit=True, entity=True, period=True; nav_count=0, listing_count=0; dom_location=UNKNOWN, is_listing_page=False, is_nav_heavy=True; occurrences=1",".9). Deficits were recorded, in billions of dollars, with Vietnam ($21.6), Mexico ($20.3), China ($15.3), Taiwan ($14.9), European Union ($10.9), South Korea ($7.4), Canada ($7.2), Germany ($7.1), Ind"
gtf-0696,doc-8700a0859c829c44,imp-bea,usd_amount,2.3,en,AMBIGUOUS,REMAINS_AMBIGUOUS,LOW,"list/table structure nearby; metric=False, unit=True, entity=True, period=True; nav_count=0, listing_count=0; dom_location=LIST_TABLE, is_listing_page=False, is_nav_heavy=True; occurrences=1","nam ($21.6), Mexico ($20.3), China ($15.3), Taiwan ($14.9), European Union ($10.9), South Korea ($7.4), Canada ($7.2), Germany ($7.1), India ($4.5), Malaysia ($4.4), Japan ($3.3), Ireland ($2.7), Ital"
gtf-0699,doc-8700a0859c829c44,imp-bea,usd_amount,6.5,en,AMBIGUOUS,REMAINS_AMBIGUOUS,LOW,"list/table structure nearby; metric=False, unit=True, entity=True, period=True; nav_count=0, listing_count=0; dom_location=LIST_TABLE, is_listing_page=False, is_nav_heavy=True; occurrences=1","rea ($7.4), Canada ($7.2), Germany ($7.1), India ($4.5), Malaysia ($4.4), Japan ($3.3), Ireland ($2.7), Italy ($2.5), France ($1.5), and Israel ($1.2). The balance with Switzerland shifted from a defi"
gtf-0700,doc-8700a0859c829c44,imp-bea,usd_amount,0.7,en,AMBIGUOUS,TRUE_MATERIAL_FACT,MEDIUM,"list/table structure nearby; metric=True, unit=True, entity=True, period=True; nav_count=0, listing_count=0; dom_location=LIST_TABLE, is_listing_page=False, is_nav_heavy=True; occurrences=3",increased $1.1 billion. Consumer goods decreased $2.1 billion. Pharmaceutical preparations decreased $1.9 billion. Net balance of payments adjustments decreased $0.2 billion. Imports of services incre
gtf-0701,doc-8700a0859c829c44,imp-bea,usd_amount,3.5,en,AMBIGUOUS,REMAINS_AMBIGUOUS,LOW,"list/table structure nearby; metric=False, unit=True, entity=True, period=True; nav_count=0, listing_count=0; dom_location=LIST_TABLE, is_listing_page=False, is_nav_heavy=True; occurrences=1","4.5), Malaysia ($4.4), Japan ($3.3), Ireland ($2.7), Italy ($2.5), France ($1.5), and Israel ($1.2). The balance with Switzerland shifted from a deficit of $2.3 billion in May to a surplus of $2.9 bil"
gtf-0703,doc-8700a0859c829c44,imp-bea,usd_amount,14.9,en,AMBIGUOUS,REMAINS_AMBIGUOUS,LOW,"metric=False, unit=True, entity=True, period=True; nav_count=0, listing_count=0; dom_location=UNKNOWN, is_listing_page=False, is_nav_heavy=True; occurrences=2","), South and Central America ($5.6), Hong Kong ($3.2), Switzerland ($2.9), United Kingdom ($2.2), Singapore ($1.8), Saudi Arabia ($1.8), Brazil ($1.7), Australia ($1.3), and Belgium ($0.9). Deficits w"
gtf-0704,doc-8700a0859c829c44,imp-bea,usd_amount,0.1,en,AMBIGUOUS,TRUE_MATERIAL_FACT,HIGH,"metric=True, unit=True, entity=True, period=True; nav_count=0, listing_count=0; dom_location=UNKNOWN, is_listing_page=False, is_nav_heavy=True; occurrences=7", preparations decreased $1.9 billion. Net balance of payments adjustments decreased $0.2 billion. Imports of services increased $0.6 billion to $79.0 billion in June. Charges for the use of intellectu
gtf-0705,doc-8700a0859c829c44,imp-bea,usd_amount,4.6,en,AMBIGUOUS,REMAINS_AMBIGUOUS,LOW,"list/table structure nearby; metric=False, unit=True, entity=True, period=True; nav_count=0, listing_count=0; dom_location=LIST_TABLE, is_listing_page=False, is_nav_heavy=True; occurrences=1",tzerland shifted from a deficit of $2.3 billion in May to a surplus of $2.9 billion in June. Exports increased $4.5 billion to $6.5 billion and imports decreased $0.7 billion to $3.5 billion. The defi
gtf-0707,doc-8700a0859c829c44,imp-bea,usd_amount,19.5,en,AMBIGUOUS,REMAINS_AMBIGUOUS,LOW,"list/table structure nearby; metric=False, unit=True, entity=True, period=True; nav_count=0, listing_count=0; dom_location=LIST_TABLE, is_listing_page=False, is_nav_heavy=True; occurrences=1",May to a surplus of $2.9 billion in June. Exports increased $4.5 billion to $6.5 billion and imports decreased $0.7 billion to $3.5 billion. The deficit with Taiwan decreased $4.5 billion to $14.9 bil
gtf-0709,doc-8700a0859c829c44,imp-bea,usd_amount,7.4,en,AMBIGUOUS,REMAINS_AMBIGUOUS,LOW,"metric=False, unit=True, entity=True, period=True; nav_count=0, listing_count=0; dom_location=UNKNOWN, is_listing_page=False, is_nav_heavy=True; occurrences=2","g ($3.2), Switzerland ($2.9), United Kingdom ($2.2), Singapore ($1.8), Saudi Arabia ($1.8), Brazil ($1.7), Australia ($1.3), and Belgium ($0.9). Deficits were recorded, in billions of dollars, with Vi"
gtf-0711,doc-8700a0859c829c44,imp-bea,usd_amount,6.9,en,AMBIGUOUS,REMAINS_AMBIGUOUS,LOW,"list/table structure nearby; metric=False, unit=True, entity=True, period=True; nav_count=0, listing_count=0; dom_location=LIST_TABLE, is_listing_page=False, is_nav_heavy=True; occurrences=2","year, the average goods and services deficit increased $6.6 billion from the three months ending in June 2025. Average exports increased $35.6 billion from June 2025. Average imports increased $42.1 b"
gtf-0712,doc-8700a0859c829c44,imp-bea,usd_amount,1.6,en,AMBIGUOUS,REMAINS_AMBIGUOUS,LOW,"list/table structure nearby; metric=False, unit=True, entity=True, period=True; nav_count=0, listing_count=0; dom_location=LIST_TABLE, is_listing_page=False, is_nav_heavy=True; occurrences=3"," $42.1 billion from June 2025. Exports (exhibits 3, 6, and 7) Exports of goods decreased $4.0 billion to $206.9 billion in June. Exports of goods on a Census basis decreased $3.8 billion. Industrial s"
gtf-0713,doc-8700a0859c829c44,imp-bea,usd_amount,14.3,en,AMBIGUOUS,REMAINS_AMBIGUOUS,LOW,"metric=False, unit=True, entity=True, period=True; nav_count=0, listing_count=0; dom_location=UNKNOWN, is_listing_page=False, is_nav_heavy=True; occurrences=1",.5 billion to $14.9 billion in June. Exports increased $0.1 billion to $4.6 billion and imports decreased $4.4 billion to $19.5 billion. The deficit with South Korea increased $3.0 billion to $7.4 bil
gtf-0714,doc-8700a0859c829c44,imp-bea,usd_amount,0.7,en,AMBIGUOUS,TRUE_MATERIAL_FACT,MEDIUM,"list/table structure nearby; metric=True, unit=True, entity=True, period=True; nav_count=0, listing_count=0; dom_location=LIST_TABLE, is_listing_page=False, is_nav_heavy=True; occurrences=3",increased $1.1 billion. Consumer goods decreased $2.1 billion. Pharmaceutical preparations decreased $1.9 billion. Net balance of payments adjustments decreased $0.2 billion. Imports of services incre
gtf-0715,doc-8700a0859c829c44,imp-bea,usd_amount,0.1,en,AMBIGUOUS,TRUE_MATERIAL_FACT,HIGH,"metric=True, unit=True, entity=True, period=True; nav_count=0, listing_count=0; dom_location=UNKNOWN, is_listing_page=False, is_nav_heavy=True; occurrences=7", preparations decreased $1.9 billion. Net balance of payments adjustments decreased $0.2 billion. Imports of services increased $0.6 billion to $79.0 billion in June. Charges for the use of intellectu
gtf-0716,doc-8700a0859c829c44,imp-bea,usd_amount,0.4,en,AMBIGUOUS,TRUE_MATERIAL_FACT,HIGH,"metric=True, unit=True, entity=False, period=True; nav_count=0, listing_count=0; dom_location=UNKNOWN, is_listing_page=False, is_nav_heavy=True; occurrences=5","llion to $102.1 billion and an increase in the services surplus of $0.5 billion to $28.8 billion. Year-to-date, the goods and services deficit decreased $189.3 billion, or 33.8 percent, from the same "
gtf-0719,doc-8700a0859c829c44,imp-bea,usd_amount,0.1,en,AMBIGUOUS,TRUE_MATERIAL_FACT,HIGH,"metric=True, unit=True, entity=True, period=True; nav_count=0, listing_count=0; dom_location=UNKNOWN, is_listing_page=False, is_nav_heavy=True; occurrences=7", preparations decreased $1.9 billion. Net balance of payments adjustments decreased $0.2 billion. Imports of services increased $0.6 billion to $79.0 billion in June. Charges for the use of intellectu
gtf-0720,doc-8700a0859c829c44,imp-bea,usd_amount,249.1,en,AMBIGUOUS,REMAINS_AMBIGUOUS,LOW,"list/table structure nearby; metric=False, unit=True, entity=True, period=True; nav_count=0, listing_count=0; dom_location=LIST_TABLE, is_listing_page=False, is_nav_heavy=True; occurrences=1",rt data to produce U.S. export data requires several alignments in order to compare the two series. Coverage - Canadian imports are based on country of origin. U.S. goods shipped from a third country 
gtf-0721,doc-8700a0859c829c44,imp-bea,usd_amount,36.7,en,AMBIGUOUS,REMAINS_AMBIGUOUS,LOW,"list/table structure nearby; metric=False, unit=True, entity=True, period=True; nav_count=0, listing_count=0; dom_location=LIST_TABLE, is_listing_page=False, is_nav_heavy=True; occurrences=1","orts are based on country of origin. U.S. goods shipped from a third country are included. U.S. exports exclude these foreign shipments. For June 2026, these shipments totaled $249.1 million. U.S. exp"
gtf-0723,doc-8700a0859c829c44,imp-bea,usd_amount,"2,500",en,AMBIGUOUS,REMAINS_AMBIGUOUS,LOW,"metric=False, unit=True, entity=True, period=True; nav_count=0, listing_count=0; dom_location=UNKNOWN, is_listing_page=False, is_nav_heavy=True; occurrences=0","ts and through various automated collection programs. Documents may be lost, and data may be incorrectly keyed, coded, or recorded. Transactions may be included in a subsequent month's statistics if r"
gtf-0724,doc-8700a0859c829c44,imp-bea,usd_amount,"2,000",en,AMBIGUOUS,REMAINS_AMBIGUOUS,LOW,"metric=False, unit=True, entity=True, period=True; nav_count=0, listing_count=0; dom_location=UNKNOWN, is_listing_page=False, is_nav_heavy=True; occurrences=0","automated collection programs. Documents may be lost, and data may be incorrectly keyed, coded, or recorded. Transactions may be included in a subsequent month's statistics if received late. Low-value"
gtf-0725,doc-8700a0859c829c44,imp-bea,usd_amount,250,en,AMBIGUOUS,REMAINS_AMBIGUOUS,LOW,"metric=False, unit=True, entity=True, period=True; nav_count=0, listing_count=0; dom_location=UNKNOWN, is_listing_page=False, is_nav_heavy=True; occurrences=1","d collection programs. Documents may be lost, and data may be incorrectly keyed, coded, or recorded. Transactions may be included in a subsequent month's statistics if received late. Low-valued transa"
gtf-0726,doc-8700a0859c829c44,imp-bea,action_type,charged,en,AMBIGUOUS,TRUE_MATERIAL_FACT,MEDIUM,"metric=True, unit=False, entity=False, period=False; nav_count=0, listing_count=0; dom_location=UNKNOWN, is_listing_page=False, is_nav_heavy=True; occurrences=1","securities brokerage and underwriting, financial management, financial advisory, and custody services; credit card and other credit-related services; and securities lending, electronic funds transfer,"
gtf-0742,doc-5a0547ffcaa7a57e,imp-bea,percentage_statistic,0.3,en,AMBIGUOUS,TRUE_MATERIAL_FACT,HIGH,"metric=True, unit=True, entity=True, period=True; nav_count=0, listing_count=0; dom_location=UNKNOWN, is_listing_page=False, is_nav_heavy=True; occurrences=4"," at a monthly rate) in June, according to estimates released today by the U.S. Bureau of Economic Analysis (BEA). Disposable personal income (DPI) —personal income less personal current taxes—increase"
gtf-0751,doc-5a0547ffcaa7a57e,imp-bea,usd_amount,65.2,en,AMBIGUOUS,TRUE_MATERIAL_FACT,HIGH,"metric=True, unit=True, entity=True, period=True; nav_count=0, listing_count=0; dom_location=UNKNOWN, is_listing_page=False, is_nav_heavy=True; occurrences=2","n (0.2 percent at a monthly rate) in June, according to estimates released today by the U.S. Bureau of Economic Analysis (BEA). Disposable personal income (DPI) —personal income less personal current "
gtf-0754,doc-5a0547ffcaa7a57e,imp-bea,usd_amount,65.2,en,AMBIGUOUS,TRUE_MATERIAL_FACT,HIGH,"metric=True, unit=True, entity=True, period=True; nav_count=0, listing_count=0; dom_location=UNKNOWN, is_listing_page=False, is_nav_heavy=True; occurrences=2","n (0.2 percent at a monthly rate) in June, according to estimates released today by the U.S. Bureau of Economic Analysis (BEA). Disposable personal income (DPI) —personal income less personal current "
gtf-0759,doc-e96dc7902ddcfa54,imp-bea,percentage_statistic,45.8,en,AMBIGUOUS,REMAINS_AMBIGUOUS,LOW,"metric=False, unit=True, entity=True, period=True; nav_count=0, listing_count=0; dom_location=UNKNOWN, is_listing_page=False, is_nav_heavy=True; occurrences=1","argest in the United Kingdom ($1,114.7 billion), followed by the Netherlands ($1,044.0 billion), Luxembourg ($645.3 billion), Ireland ($511.9 billion), and Canada ($488.1 billion). By industry of the "
gtf-0760,doc-e96dc7902ddcfa54,imp-bea,percentage_statistic,15.9,en,AMBIGUOUS,REMAINS_AMBIGUOUS,LOW,"metric=False, unit=True, entity=True, period=True; nav_count=0, listing_count=0; dom_location=UNKNOWN, is_listing_page=False, is_nav_heavy=True; occurrences=1"," Luxembourg ($645.3 billion), Ireland ($511.9 billion), and Canada ($488.1 billion). By industry of the directly owned foreign affiliate , investment was largest in holding companies, which accounted "
gtf-0761,doc-e96dc7902ddcfa54,imp-bea,percentage_statistic,13.5,en,AMBIGUOUS,REMAINS_AMBIGUOUS,LOW,"metric=False, unit=True, entity=True, period=True; nav_count=0, listing_count=0; dom_location=UNKNOWN, is_listing_page=False, is_nav_heavy=True; occurrences=1","$488.1 billion). By industry of the directly owned foreign affiliate , investment was largest in holding companies, which accounted for 45.8 percent of the overall position abroad in 2025. Manufacturi"
gtf-0765,doc-e96dc7902ddcfa54,imp-bea,percentage_statistic,42.8,en,AMBIGUOUS,TRUE_MATERIAL_FACT,HIGH,"metric=True, unit=True, entity=True, period=True; nav_count=0, listing_count=0; dom_location=UNKNOWN, is_listing_page=False, is_nav_heavy=True; occurrences=1","n by the country of foreign parent, indicating that much of the investment from foreign parents in these countries was ultimately owned by investors in other countries. By industry, foreign direct inv"
gtf-0766,doc-e96dc7902ddcfa54,imp-bea,percentage_statistic,1.9,en,AMBIGUOUS,REMAINS_AMBIGUOUS,LOW,"metric=False, unit=True, entity=True, period=True; nav_count=0, listing_count=0; dom_location=UNKNOWN, is_listing_page=False, is_nav_heavy=True; occurrences=2","ery country , but their investment in affiliates in five countries accounted for more than half of total U.S. direct investment abroad in 2025. The position was largest in the United Kingdom ($1,114.7"
gtf-0775,doc-e96dc7902ddcfa54,imp-bea,usd_amount,"1,114.7",en,AMBIGUOUS,REMAINS_AMBIGUOUS,LOW,"metric=False, unit=True, entity=True, period=True; nav_count=0, listing_count=0; dom_location=UNKNOWN, is_listing_page=False, is_nav_heavy=True; occurrences=0","ents manufacturing. U.S. direct investment abroad U.S. multinational enterprises (MNEs) invest in nearly every country , but their investment in affiliates in five countries accounted for more than ha"
gtf-0776,doc-e96dc7902ddcfa54,imp-bea,usd_amount,"1,044.0",en,AMBIGUOUS,REMAINS_AMBIGUOUS,LOW,"metric=False, unit=True, entity=True, period=True; nav_count=0, listing_count=0; dom_location=UNKNOWN, is_listing_page=False, is_nav_heavy=True; occurrences=0","d U.S. multinational enterprises (MNEs) invest in nearly every country , but their investment in affiliates in five countries accounted for more than half of total U.S. direct investment abroad in 202"
gtf-0777,doc-e96dc7902ddcfa54,imp-bea,usd_amount,645.3,en,AMBIGUOUS,REMAINS_AMBIGUOUS,LOW,"metric=False, unit=True, entity=True, period=True; nav_count=0, listing_count=0; dom_location=UNKNOWN, is_listing_page=False, is_nav_heavy=True; occurrences=1","s (MNEs) invest in nearly every country , but their investment in affiliates in five countries accounted for more than half of total U.S. direct investment abroad in 2025. The position was largest in "
gtf-0778,doc-e96dc7902ddcfa54,imp-bea,usd_amount,511.9,en,AMBIGUOUS,REMAINS_AMBIGUOUS,LOW,"metric=False, unit=True, entity=True, period=True; nav_count=0, listing_count=0; dom_location=UNKNOWN, is_listing_page=False, is_nav_heavy=True; occurrences=1","every country , but their investment in affiliates in five countries accounted for more than half of total U.S. direct investment abroad in 2025. The position was largest in the United Kingdom ($1,114"
gtf-0779,doc-e96dc7902ddcfa54,imp-bea,usd_amount,488.1,en,AMBIGUOUS,REMAINS_AMBIGUOUS,LOW,"metric=False, unit=True, entity=True, period=True; nav_count=0, listing_count=0; dom_location=UNKNOWN, is_listing_page=False, is_nav_heavy=True; occurrences=1","estment in affiliates in five countries accounted for more than half of total U.S. direct investment abroad in 2025. The position was largest in the United Kingdom ($1,114.7 billion), followed by the "
gtf-0783,doc-e96dc7902ddcfa54,imp-bea,usd_amount,776.3,en,AMBIGUOUS,REMAINS_AMBIGUOUS,LOW,"metric=False, unit=True, entity=True, period=True; nav_count=0, listing_count=0; dom_location=UNKNOWN, is_listing_page=False, is_nav_heavy=True; occurrences=1","and insurance fell by $6.3 billion compared to 2024. Foreign direct investment in the United States By country of the foreign parent , four countries accounted for more than half of total foreign dire"
gtf-0784,doc-e96dc7902ddcfa54,imp-bea,usd_amount,751.8,en,AMBIGUOUS,REMAINS_AMBIGUOUS,LOW,"metric=False, unit=True, entity=True, period=True; nav_count=0, listing_count=0; dom_location=UNKNOWN, is_listing_page=False, is_nav_heavy=True; occurrences=1","o 2024. Foreign direct investment in the United States By country of the foreign parent , four countries accounted for more than half of total foreign direct investment in the United States in 2025. J"
gtf-0785,doc-e96dc7902ddcfa54,imp-bea,usd_amount,747.3,en,AMBIGUOUS,REMAINS_AMBIGUOUS,LOW,"metric=False, unit=True, entity=True, period=True; nav_count=0, listing_count=0; dom_location=UNKNOWN, is_listing_page=False, is_nav_heavy=True; occurrences=1","vestment in the United States By country of the foreign parent , four countries accounted for more than half of total foreign direct investment in the United States in 2025. Japan was the top investin"
gtf-0786,doc-e96dc7902ddcfa54,imp-bea,usd_amount,738.3,en,AMBIGUOUS,REMAINS_AMBIGUOUS,LOW,"metric=False, unit=True, entity=True, period=True; nav_count=0, listing_count=0; dom_location=UNKNOWN, is_listing_page=False, is_nav_heavy=True; occurrences=1","of the foreign parent , four countries accounted for more than half of total foreign direct investment in the United States in 2025. Japan was the top investing country with a position of $776.3 billi"
gtf-0787,doc-e96dc7902ddcfa54,imp-bea,usd_amount,827.1,en,AMBIGUOUS,REMAINS_AMBIGUOUS,LOW,"metric=False, unit=True, entity=True, period=True; nav_count=0, listing_count=0; dom_location=UNKNOWN, is_listing_page=False, is_nav_heavy=True; occurrences=1","followed by the Netherlands ($751.8 billion), Canada ($747.3 billion), and the United Kingdom ($738.3 billion). By country of the ultimate beneficial owner (UBO) , the entity at the top of the global "
gtf-0788,doc-e96dc7902ddcfa54,imp-bea,usd_amount,819.8,en,AMBIGUOUS,REMAINS_AMBIGUOUS,LOW,"metric=False, unit=True, entity=True, period=True; nav_count=0, listing_count=0; dom_location=UNKNOWN, is_listing_page=False, is_nav_heavy=True; occurrences=1","nds ($751.8 billion), Canada ($747.3 billion), and the United Kingdom ($738.3 billion). By country of the ultimate beneficial owner (UBO) , the entity at the top of the global ownership chain, Japan w"
gtf-0789,doc-e96dc7902ddcfa54,imp-bea,usd_amount,706.2,en,AMBIGUOUS,REMAINS_AMBIGUOUS,LOW,"metric=False, unit=True, entity=True, period=True; nav_count=0, listing_count=0; dom_location=UNKNOWN, is_listing_page=False, is_nav_heavy=True; occurrences=1","ion), and the United Kingdom ($738.3 billion). By country of the ultimate beneficial owner (UBO) , the entity at the top of the global ownership chain, Japan was the top investing country in terms of "
gtf-0790,doc-e96dc7902ddcfa54,imp-bea,usd_amount,2.51,en,AMBIGUOUS,TRUE_MATERIAL_FACT,HIGH,"metric=True, unit=True, entity=True, period=True; nav_count=0, listing_count=0; dom_location=UNKNOWN, is_listing_page=False, is_nav_heavy=True; occurrences=1","ng that much of the investment from foreign parents in these countries was ultimately owned by investors in other countries. By industry, foreign direct investment in the United States was concentrate"
gtf-0799,doc-93c89f0c3311c178,imp-bea,percentage_statistic,6.7,en,AMBIGUOUS,TRUE_MATERIAL_FACT,HIGH,"metric=True, unit=True, entity=True, period=True; nav_count=0, listing_count=0; dom_location=UNKNOWN, is_listing_page=False, is_nav_heavy=True; occurrences=1","owners (UBOs) in the United Kingdom, Japan, and Germany were the largest contributors to employment. Current-dollar value added of U.S. affiliates , a measure of their direct contribution to U.S. gros"
gtf-0800,doc-93c89f0c3311c178,imp-bea,percentage_statistic,6.8,en,AMBIGUOUS,TRUE_MATERIAL_FACT,HIGH,"metric=True, unit=True, entity=True, period=True; nav_count=0, listing_count=0; dom_location=UNKNOWN, is_listing_page=False, is_nav_heavy=True; occurrences=1","largest contributors to employment. Current-dollar value added of U.S. affiliates , a measure of their direct contribution to U.S. gross domestic product, increased 4.3 percent to $1.52 trillion in 20"
gtf-0801,doc-93c89f0c3311c178,imp-bea,percentage_statistic,3.3,en,AMBIGUOUS,TRUE_MATERIAL_FACT,HIGH,"metric=True, unit=True, entity=True, period=True; nav_count=0, listing_count=0; dom_location=UNKNOWN, is_listing_page=False, is_nav_heavy=True; occurrences=1","heir direct contribution to U.S. gross domestic product, increased 4.3 percent to $1.52 trillion in 2024. These affiliates accounted for 6.7 percent of total U.S. business-sector value added, down fro"
gtf-0805,doc-93c89f0c3311c178,imp-bea,usd_amount,328.0,en,AMBIGUOUS,TRUE_MATERIAL_FACT,HIGH,"metric=True, unit=True, entity=True, period=True; nav_count=0, listing_count=0; dom_location=UNKNOWN, is_listing_page=False, is_nav_heavy=True; occurrences=1","ribution to U.S. gross domestic product, increased 4.3 percent to $1.52 trillion in 2024. These affiliates accounted for 6.7 percent of total U.S. business-sector value added, down from 6.8 percent in"
gtf-0807,doc-9a2c3554bf239005,imp-sec,percentage_statistic,12.5,en,AMBIGUOUS,REMAINS_AMBIGUOUS,LOW,"metric=False, unit=True, entity=True, period=False; nav_count=0, listing_count=0; dom_location=UNKNOWN, is_listing_page=False, is_nav_heavy=False; occurrences=1","icited these investments using over 100 “sales agents” to cold call and pitch the funds to thousands of prospective investors, many of them retirees, using high-pressure sales tactics. The defendants "
gtf-0808,doc-9a2c3554bf239005,imp-sec,percentage_statistic,46,en,AMBIGUOUS,REMAINS_AMBIGUOUS,LOW,"Value inside <a> anchor tag; metric=False, unit=True, entity=True, period=False; nav_count=0, listing_count=0; dom_location=UNKNOWN, is_listing_page=False, is_nav_heavy=False; occurrences=1","e funds to thousands of prospective investors, many of them retirees, using high-pressure sales tactics. The defendants falsely told investors that they would pay either no upfront fees at all or upfr"
gtf-0809,doc-9a2c3554bf239005,imp-sec,usd_amount,74,en,AMBIGUOUS,REMAINS_AMBIGUOUS,LOW,"metric=False, unit=True, entity=True, period=False; nav_count=1, listing_count=0; dom_location=UNKNOWN, is_listing_page=False, is_nav_heavy=False; occurrences=4",SEC.gov | SEC Charges Boiler Room Operator and Three Entities with Defrauding Retail Investors in $74 Million Pre-IPO Investment Scam Skip to search field Skip to main content An official website of t
gtf-0810,doc-9a2c3554bf239005,imp-sec,usd_amount,74,en,AMBIGUOUS,REMAINS_AMBIGUOUS,LOW,"metric=False, unit=True, entity=True, period=False; nav_count=1, listing_count=0; dom_location=UNKNOWN, is_listing_page=False, is_nav_heavy=False; occurrences=4",SEC.gov | SEC Charges Boiler Room Operator and Three Entities with Defrauding Retail Investors in $74 Million Pre-IPO Investment Scam Skip to search field Skip to main content An official website of t
gtf-0811,doc-9a2c3554bf239005,imp-sec,usd_amount,74,en,AMBIGUOUS,REMAINS_AMBIGUOUS,LOW,"metric=False, unit=True, entity=True, period=False; nav_count=1, listing_count=0; dom_location=UNKNOWN, is_listing_page=False, is_nav_heavy=False; occurrences=4",SEC.gov | SEC Charges Boiler Room Operator and Three Entities with Defrauding Retail Investors in $74 Million Pre-IPO Investment Scam Skip to search field Skip to main content An official website of t
gtf-0812,doc-9a2c3554bf239005,imp-sec,usd_amount,74,en,AMBIGUOUS,REMAINS_AMBIGUOUS,LOW,"metric=False, unit=True, entity=True, period=False; nav_count=1, listing_count=0; dom_location=UNKNOWN, is_listing_page=False, is_nav_heavy=False; occurrences=4",SEC.gov | SEC Charges Boiler Room Operator and Three Entities with Defrauding Retail Investors in $74 Million Pre-IPO Investment Scam Skip to search field Skip to main content An official website of t
gtf-0813,doc-9a2c3554bf239005,imp-sec,usd_amount,23,en,AMBIGUOUS,REMAINS_AMBIGUOUS,LOW,"Value inside <a> anchor tag; metric=False, unit=True, entity=True, period=False; nav_count=0, listing_count=0; dom_location=UNKNOWN, is_listing_page=False, is_nav_heavy=False; occurrences=1","ld investors that they would pay either no upfront fees at all or upfront fees of at most 12.5%, when in reality, the prices investors paid were on average approximately 46% higher than the prices Spa"
gtf-0814,doc-9a2c3554bf239005,imp-sec,usd_amount,12,en,AMBIGUOUS,REMAINS_AMBIGUOUS,LOW,"metric=False, unit=True, entity=True, period=False; nav_count=0, listing_count=0; dom_location=UNKNOWN, is_listing_page=False, is_nav_heavy=False; occurrences=2","icited these investments using over 100 “sales agents” to cold call and pitch the funds to thousands of prospective investors, many of them retirees, using high-pressure sales tactics. The defendants "
gtf-0816,doc-9a2c3554bf239005,imp-sec,action_type,charged,en,AMBIGUOUS,REMAINS_AMBIGUOUS,LOW,"metric=False, unit=True, entity=True, period=True; nav_count=0, listing_count=0; dom_location=UNKNOWN, is_listing_page=False, is_nav_heavy=False; occurrences=2",tail Investors in $74 Million Pre-IPO Investment Scam Press Release SEC Charges Boiler Room Operator and Three Entities with Defrauding Retail Investors in $74 Million Pre-IPO Investment Scam For Imme
gtf-0817,doc-9a2c3554bf239005,imp-sec,action_type,charged,en,AMBIGUOUS,REMAINS_AMBIGUOUS,LOW,"metric=False, unit=True, entity=True, period=True; nav_count=0, listing_count=0; dom_location=UNKNOWN, is_listing_page=False, is_nav_heavy=False; occurrences=2",tail Investors in $74 Million Pre-IPO Investment Scam Press Release SEC Charges Boiler Room Operator and Three Entities with Defrauding Retail Investors in $74 Million Pre-IPO Investment Scam For Imme
gtf-0818,doc-9a2c3554bf239005,imp-sec,action_type,disgorgement,en,AMBIGUOUS,REMAINS_AMBIGUOUS,LOW,"metric=False, unit=False, entity=True, period=True; nav_count=0, listing_count=0; dom_location=UNKNOWN, is_listing_page=False, is_nav_heavy=False; occurrences=1"," registration, and broker-dealer registration provisions of the Securities Act of 1933, the Securities Exchange Act of 1934, and the Investment Advisers Act of 1940. It also charges Spaventa with cont"
gtf-0819,doc-fa4e9cecec3e8d7d,imp-sec,usd_amount,47,en,AMBIGUOUS,REMAINS_AMBIGUOUS,LOW,"metric=False, unit=True, entity=True, period=False; nav_count=1, listing_count=0; dom_location=UNKNOWN, is_listing_page=False, is_nav_heavy=False; occurrences=4",SEC.gov | SEC Charges Toms River Trio in Connection with Alleged $47 Million Fraud Targeting Orthodox Jewish Communities Skip to search field Skip to main content An official website of the United Sta
gtf-0820,doc-fa4e9cecec3e8d7d,imp-sec,usd_amount,47,en,AMBIGUOUS,REMAINS_AMBIGUOUS,LOW,"metric=False, unit=True, entity=True, period=False; nav_count=1, listing_count=0; dom_location=UNKNOWN, is_listing_page=False, is_nav_heavy=False; occurrences=4",SEC.gov | SEC Charges Toms River Trio in Connection with Alleged $47 Million Fraud Targeting Orthodox Jewish Communities Skip to search field Skip to main content An official website of the United Sta
gtf-0821,doc-fa4e9cecec3e8d7d,imp-sec,usd_amount,47,en,AMBIGUOUS,REMAINS_AMBIGUOUS,LOW,"metric=False, unit=True, entity=True, period=False; nav_count=1, listing_count=0; dom_location=UNKNOWN, is_listing_page=False, is_nav_heavy=False; occurrences=4",SEC.gov | SEC Charges Toms River Trio in Connection with Alleged $47 Million Fraud Targeting Orthodox Jewish Communities Skip to search field Skip to main content An official website of the United Sta
gtf-0822,doc-fa4e9cecec3e8d7d,imp-sec,usd_amount,47,en,AMBIGUOUS,REMAINS_AMBIGUOUS,LOW,"metric=False, unit=True, entity=True, period=False; nav_count=1, listing_count=0; dom_location=UNKNOWN, is_listing_page=False, is_nav_heavy=False; occurrences=4",SEC.gov | SEC Charges Toms River Trio in Connection with Alleged $47 Million Fraud Targeting Orthodox Jewish Communities Skip to search field Skip to main content An official website of the United Sta
gtf-0823,doc-fa4e9cecec3e8d7d,imp-sec,usd_amount,11,en,AMBIGUOUS,REMAINS_AMBIGUOUS,LOW,"metric=False, unit=True, entity=True, period=True; nav_count=0, listing_count=0; dom_location=UNKNOWN, is_listing_page=False, is_nav_heavy=False; occurrences=1","is company, Capital Funding ASAP LLC. Moshe told the would-be investors that their money would be used to fund short-term loans for small businesses and their investments would lead to significant fix"
gtf-0824,doc-fa4e9cecec3e8d7d,imp-sec,usd_amount,"850,000",en,AMBIGUOUS,REMAINS_AMBIGUOUS,LOW,"metric=False, unit=True, entity=False, period=True; nav_count=0, listing_count=0; dom_location=UNKNOWN, is_listing_page=False, is_nav_heavy=False; occurrences=0","tors that their money would be used to fund short-term loans for small businesses and their investments would lead to significant fixed returns. However, rather than funding business loans, Moshe alle"
gtf-0825,doc-fa4e9cecec3e8d7d,imp-sec,usd_amount,23,en,AMBIGUOUS,REMAINS_AMBIGUOUS,LOW,"Value inside <a> anchor tag; metric=False, unit=True, entity=True, period=True; nav_count=0, listing_count=0; dom_location=UNKNOWN, is_listing_page=False, is_nav_heavy=False; occurrences=2","tment fraud that raised approximately $47 million from more than 87 investors, who were primarily members of Orthodox Jewish communities in New Jersey and New York. The SEC’s complaint, filed in feder"
gtf-0826,doc-fa4e9cecec3e8d7d,imp-sec,usd_amount,25,en,AMBIGUOUS,REMAINS_AMBIGUOUS,LOW,"metric=False, unit=True, entity=True, period=False; nav_count=0, listing_count=0; dom_location=UNKNOWN, is_listing_page=False, is_nav_heavy=False; occurrences=2","in-time investors. The complaint further alleges that Moshe paid fellow Toms River residents, Jacob Goldman and Isaac Odes, who were not registered as broker-dealers or associated with any registered "
gtf-0827,doc-fa4e9cecec3e8d7d,imp-sec,action_type,charged,en,AMBIGUOUS,REMAINS_AMBIGUOUS,LOW,"metric=False, unit=True, entity=True, period=True; nav_count=0, listing_count=0; dom_location=UNKNOWN, is_listing_page=False, is_nav_heavy=False; occurrences=1",th Alleged $47 Million Fraud Targeting Orthodox Jewish Communities Press Release SEC Charges Toms River Trio in Connection with Alleged $47 Million Fraud Targeting Orthodox Jewish Communities For Imme
gtf-0828,doc-fa4e9cecec3e8d7d,imp-sec,action_type,disgorgement,en,AMBIGUOUS,REMAINS_AMBIGUOUS,LOW,"metric=False, unit=False, entity=True, period=False; nav_count=0, listing_count=0; dom_location=UNKNOWN, is_listing_page=False, is_nav_heavy=False; occurrences=1",nrich themselves.” The SEC’s complaint charges Moshe with violations of the antifraud provisions of the federal securities laws and charges Goldman and Odes with violations of the broker registration 
gtf-0829,doc-fa4e9cecec3e8d7d,imp-sec,action_type,injunction,en,AMBIGUOUS,REMAINS_AMBIGUOUS,LOW,"metric=False, unit=False, entity=True, period=False; nav_count=0, listing_count=0; dom_location=UNKNOWN, is_listing_page=False, is_nav_heavy=False; occurrences=1","aws and charges Goldman and Odes with violations of the broker registration provisions of the Securities Exchange Act of 1934. The complaint seeks permanent injunctive relief, disgorgement of ill-gott"
gtf-0830,doc-607891ddb7eae21c,imp-sec,usd_amount,10,en,AMBIGUOUS,REMAINS_AMBIGUOUS,LOW,"metric=False, unit=False, entity=True, period=True; nav_count=0, listing_count=0; dom_location=UNKNOWN, is_listing_page=False, is_nav_heavy=False; occurrences=3","s SEC Charges Private Fund Adviser Adit Ventures Management, Its CEO and Affiliated General Partners in Alleged Fraud Press Release SEC Charges Private Fund Adviser Adit Ventures Management, Its CEO a"
gtf-0831,doc-607891ddb7eae21c,imp-sec,action_type,charged,en,AMBIGUOUS,REMAINS_AMBIGUOUS,LOW,"metric=False, unit=False, entity=True, period=True; nav_count=0, listing_count=0; dom_location=UNKNOWN, is_listing_page=False, is_nav_heavy=False; occurrences=3","ent, Its CEO and Affiliated General Partners in Alleged Fraud Press Release SEC Charges Private Fund Adviser Adit Ventures Management, Its CEO and Affiliated General Partners in Alleged Fraud For Imme"
gtf-0832,doc-607891ddb7eae21c,imp-sec,action_type,charged,en,AMBIGUOUS,REMAINS_AMBIGUOUS,LOW,"metric=False, unit=False, entity=True, period=True; nav_count=0, listing_count=0; dom_location=UNKNOWN, is_listing_page=False, is_nav_heavy=False; occurrences=3","ent, Its CEO and Affiliated General Partners in Alleged Fraud Press Release SEC Charges Private Fund Adviser Adit Ventures Management, Its CEO and Affiliated General Partners in Alleged Fraud For Imme"
gtf-0833,doc-607891ddb7eae21c,imp-sec,action_type,disgorgement,en,AMBIGUOUS,TRUE_MATERIAL_FACT,MEDIUM,"metric=True, unit=False, entity=True, period=True; nav_count=0, listing_count=0; dom_location=UNKNOWN, is_listing_page=False, is_nav_heavy=False; occurrences=1","ll. Without admitting the allegations in the complaint, the defendants consented to the entry of a judgment, subject to court approval, in which they agreed to be permanently enjoined from violating t"
gtf-0834,doc-607891ddb7eae21c,imp-sec,action_type,penalty,en,AMBIGUOUS,TRUE_MATERIAL_FACT,MEDIUM,"metric=True, unit=False, entity=True, period=True; nav_count=0, listing_count=0; dom_location=UNKNOWN, is_listing_page=False, is_nav_heavy=False; occurrences=1","int, the defendants consented to the entry of a judgment, subject to court approval, in which they agreed to be permanently enjoined from violating the charged provisions of federal securities laws, a"
gtf-0835,doc-c35a0a455e177d33,imp-cftc,usd_amount,400,en,AMBIGUOUS,REMAINS_AMBIGUOUS,LOW,"Value inside <a> anchor tag; metric=False, unit=True, entity=True, period=True; nav_count=0, listing_count=0; dom_location=UNKNOWN, is_listing_page=True, is_nav_heavy=False; occurrences=1","ory Committee Meeting in Washington , 9283-26 08/12/2026 CFTC Releases Advisory on Self-Certification of Incentive Programs for Prediction Markets , 9282-26 08/11/2026 CFTC Exercises Emergency Authori"
gtf-0837,doc-c35a0a455e177d33,imp-cftc,usd_amount,"35,000",en,AMBIGUOUS,REMAINS_AMBIGUOUS,LOW,"Value inside <a> anchor tag; metric=False, unit=True, entity=True, period=True; nav_count=0, listing_count=0; dom_location=UNKNOWN, is_listing_page=True, is_nav_heavy=False; occurrences=0","n Washington , 9279-26 08/07/2026 CFTC Reminds Markets to Display Clear Pricing Information , 9278-26 08/03/2026 CFTC Orders UBS Financial Services Inc. to Pay $8 Million for Supervision Failures Impa"
gtf-0838,doc-c35a0a455e177d33,imp-cftc,usd_amount,2.5,en,AMBIGUOUS,REMAINS_AMBIGUOUS,LOW,"Value inside <a> anchor tag; metric=False, unit=True, entity=True, period=True; nav_count=0, listing_count=0; dom_location=UNKNOWN, is_listing_page=True, is_nav_heavy=False; occurrences=1","ding Margin Requirements for Uncleared Swaps , 9266-26 07/09/2026 CFTC to Stay Self-Certified Contract on 24/7 Trading for Crude Oil Futures , 9265-26 07/07/2026 CFTC Charges North Carolina Commodity "
gtf-0839,doc-4af3271a80d211ac,imp-esma,action_type,settlement,en,AMBIGUOUS,TRUE_MATERIAL_FACT,MEDIUM,"Value inside <a> anchor tag; metric=True, unit=False, entity=True, period=False; nav_count=0, listing_count=0; dom_location=UNKNOWN, is_listing_page=False, is_nav_heavy=False; occurrences=1",s ESG Rating Providers External Reviewers of European Green Bonds Fund Management Issuer Disclosure Investment Services and Crowdfunding Markets and Infrastructure Toggle submenu Central Counterpartie
gtf-0840,doc-5a0d604dbdfb38d7,imp-esma,action_type,settlement,en,AMBIGUOUS,TRUE_MATERIAL_FACT,MEDIUM,"Value inside <a> anchor tag; metric=True, unit=False, entity=True, period=False; nav_count=0, listing_count=0; dom_location=UNKNOWN, is_listing_page=False, is_nav_heavy=False; occurrences=1",s ESG Rating Providers External Reviewers of European Green Bonds Fund Management Issuer Disclosure Investment Services and Crowdfunding Markets and Infrastructure Toggle submenu Central Counterpartie
gtf-0841,doc-feed6a6cbc4d4c7b,imp-esma,action_type,settlement,en,AMBIGUOUS,TRUE_MATERIAL_FACT,MEDIUM,"Value inside <a> anchor tag; metric=True, unit=False, entity=True, period=False; nav_count=0, listing_count=0; dom_location=UNKNOWN, is_listing_page=False, is_nav_heavy=False; occurrences=1",s ESG Rating Providers External Reviewers of European Green Bonds Fund Management Issuer Disclosure Investment Services and Crowdfunding Markets and Infrastructure Toggle submenu Central Counterpartie
gtf-0842,doc-b72c1ee4a05de89b,imp-fca,percentage_statistic,30,en,AMBIGUOUS,REMAINS_AMBIGUOUS,LOW,"metric=False, unit=False, entity=True, period=True; nav_count=1, listing_count=0; dom_location=UNKNOWN, is_listing_page=False, is_nav_heavy=True; occurrences=3","ngland (the regulators) Corporate responsibility Diversity, equity and inclusion: our progress Environmental sustainability Who we work with Who we are Chair Chief Executive Committees Executive commi"
gtf-0843,doc-b72c1ee4a05de89b,imp-fca,percentage_statistic,30,en,AMBIGUOUS,REMAINS_AMBIGUOUS,LOW,"metric=False, unit=False, entity=True, period=True; nav_count=1, listing_count=0; dom_location=UNKNOWN, is_listing_page=False, is_nav_heavy=True; occurrences=3","ngland (the regulators) Corporate responsibility Diversity, equity and inclusion: our progress Environmental sustainability Who we work with Who we are Chair Chief Executive Committees Executive commi"
gtf-0879,doc-9ccd1716031e5939,imp-esma,action_type,settlement,en,AMBIGUOUS,TRUE_MATERIAL_FACT,MEDIUM,"Value inside <a> anchor tag; metric=True, unit=False, entity=True, period=False; nav_count=0, listing_count=0; dom_location=UNKNOWN, is_listing_page=False, is_nav_heavy=False; occurrences=2",s ESG Rating Providers External Reviewers of European Green Bonds Fund Management Issuer Disclosure Investment Services and Crowdfunding Markets and Infrastructure Toggle submenu Central Counterpartie
gtf-0880,doc-9ccd1716031e5939,imp-esma,action_type,settlement,en,AMBIGUOUS,TRUE_MATERIAL_FACT,MEDIUM,"Value inside <a> anchor tag; metric=True, unit=False, entity=True, period=False; nav_count=0, listing_count=0; dom_location=UNKNOWN, is_listing_page=False, is_nav_heavy=False; occurrences=2",s ESG Rating Providers External Reviewers of European Green Bonds Fund Management Issuer Disclosure Investment Services and Crowdfunding Markets and Infrastructure Toggle submenu Central Counterpartie
gtf-0881,doc-708c6cc84dc76280,imp-esma,action_type,settlement,en,AMBIGUOUS,TRUE_MATERIAL_FACT,MEDIUM,"Value inside <a> anchor tag; metric=True, unit=False, entity=True, period=False; nav_count=0, listing_count=0; dom_location=UNKNOWN, is_listing_page=False, is_nav_heavy=False; occurrences=1",s ESG Rating Providers External Reviewers of European Green Bonds Fund Management Issuer Disclosure Investment Services and Crowdfunding Markets and Infrastructure Toggle submenu Central Counterpartie
gtf-0886,doc-49401aaf4cb8f90c,src-naic-us,percentage_statistic,96,en,AMBIGUOUS,TRUE_MATERIAL_FACT,HIGH,"metric=True, unit=True, entity=False, period=True; nav_count=0, listing_count=0; dom_location=UNKNOWN, is_listing_page=False, is_nav_heavy=False; occurrences=1","raphic regions. Average premium per policy increased across every NAIC region since 2018, with inflation-adjusted increases ranging from 18.3% to 43.3%, to the effect of average premium increases of 2"
gtf-0887,doc-49401aaf4cb8f90c,src-naic-us,percentage_statistic,216,en,AMBIGUOUS,TRUE_MATERIAL_FACT,HIGH,"metric=True, unit=True, entity=False, period=True; nav_count=0, listing_count=0; dom_location=UNKNOWN, is_listing_page=False, is_nav_heavy=False; occurrences=1","egions. Average premium per policy increased across every NAIC region since 2018, with inflation-adjusted increases ranging from 18.3% to 43.3%, to the effect of average premium increases of 2.4% to 5"
gtf-0888,doc-3802c7674b23f4c6,src-naic-us,percentage_statistic,10,en,AMBIGUOUS,REMAINS_AMBIGUOUS,LOW,"metric=False, unit=True, entity=False, period=True; nav_count=1, listing_count=0; dom_location=UNKNOWN, is_listing_page=False, is_nav_heavy=False; occurrences=4", informed decisions about auto insurance and get the most for their money. AUT-PP Consumer&#039;s Guide to Auto Insurance Free Download Consumer&#039;s Guide to Cancer Insurance CAX-PP The decision of
gtf-0889,doc-31270f0e83371c52,imp-sec,action_type,charged,en,AMBIGUOUS,TRUE_MATERIAL_FACT,MEDIUM,"list/table structure nearby; metric=True, unit=False, entity=True, period=True; nav_count=0, listing_count=0; dom_location=LIST_TABLE, is_listing_page=False, is_nav_heavy=False; occurrences=1","sinesses, and smaller public companies raise capital from investors. The sessions focused on the following topics: Early-Stage Capital Raising Growth-Stage Companies and Smaller Funds Small Cap Compan"
gtf-0890,doc-a6331135eddf955b,imp-cftc,usd_amount,36,en,AMBIGUOUS,REMAINS_AMBIGUOUS,LOW,"metric=False, unit=True, entity=True, period=True; nav_count=0, listing_count=0; dom_location=UNKNOWN, is_listing_page=True, is_nav_heavy=False; occurrences=1","d the Commission of the emergency after New York Attorney General Letitia James filed a complaint against the exchange in state court. In the lawsuit, filed on July 31, New York seeks a temporary rest"
gtf-0893,doc-00c1c3e3f6e4d5ec,imp-cftc,usd_amount,397,en,AMBIGUOUS,REMAINS_AMBIGUOUS,LOW,"metric=False, unit=True, entity=False, period=False; nav_count=0, listing_count=0; dom_location=UNKNOWN, is_listing_page=True, is_nav_heavy=False; occurrences=1",ng fictitious profits to existing customers and funding Delgado’s lavish lifestyle. Defendants also falsely guaranteed the return of principal investments and/or profits and issued false account state
gtf-0894,doc-00c1c3e3f6e4d5ec,imp-cftc,action_type,disgorgement,en,AMBIGUOUS,REMAINS_AMBIGUOUS,LOW,"metric=False, unit=False, entity=True, period=True; nav_count=0, listing_count=0; dom_location=UNKNOWN, is_listing_page=True, is_nav_heavy=False; occurrences=1"," Enforcement continues to be an important cop on the beat in addressing fraud in connection with digital commodities,” said Director of Enforcement David I. Miller. “We will continue to take action to"
gtf-0895,doc-00c1c3e3f6e4d5ec,imp-cftc,action_type,injunction,en,AMBIGUOUS,REMAINS_AMBIGUOUS,LOW,"metric=False, unit=False, entity=True, period=True; nav_count=0, listing_count=0; dom_location=UNKNOWN, is_listing_page=True, is_nav_heavy=False; occurrences=1","tion with digital commodities,” said Director of Enforcement David I. Miller. “We will continue to take action to protect our markets and the public from misconduct.” In the complaint, the CFTC seeks "
gtf-0896,doc-00c1c3e3f6e4d5ec,imp-cftc,action_type,charged,en,AMBIGUOUS,REMAINS_AMBIGUOUS,LOW,"metric=False, unit=False, entity=True, period=True; nav_count=0, listing_count=0; dom_location=UNKNOWN, is_listing_page=True, is_nav_heavy=False; occurrences=1","ue to take action to protect our markets and the public from misconduct.” In the complaint, the CFTC seeks restitution, disgorgement, civil monetary penalties, trading and registration bans, and a per"
gtf-0903,doc-c563b94166f8c3f3,imp-esma,action_type,settlement,en,AMBIGUOUS,TRUE_MATERIAL_FACT,MEDIUM,"Value inside <a> anchor tag; metric=True, unit=False, entity=True, period=False; nav_count=0, listing_count=0; dom_location=UNKNOWN, is_listing_page=False, is_nav_heavy=False; occurrences=1",s ESG Rating Providers External Reviewers of European Green Bonds Fund Management Issuer Disclosure Investment Services and Crowdfunding Markets and Infrastructure Toggle submenu Central Counterpartie
gtf-0904,doc-17e61e8f13f535b3,imp-esma,action_type,settlement,en,AMBIGUOUS,TRUE_MATERIAL_FACT,MEDIUM,"Value inside <a> anchor tag; metric=True, unit=False, entity=True, period=False; nav_count=0, listing_count=0; dom_location=UNKNOWN, is_listing_page=False, is_nav_heavy=False; occurrences=1",s ESG Rating Providers External Reviewers of European Green Bonds Fund Management Issuer Disclosure Investment Services and Crowdfunding Markets and Infrastructure Toggle submenu Central Counterpartie
gtf-0905,doc-0a73b65236f87f19,imp-esma,action_type,settlement,en,AMBIGUOUS,TRUE_MATERIAL_FACT,MEDIUM,"Value inside <a> anchor tag; metric=True, unit=False, entity=True, period=False; nav_count=0, listing_count=0; dom_location=UNKNOWN, is_listing_page=False, is_nav_heavy=False; occurrences=1",s ESG Rating Providers External Reviewers of European Green Bonds Fund Management Issuer Disclosure Investment Services and Crowdfunding Markets and Infrastructure Toggle submenu Central Counterpartie
gtf-0906,doc-116ab80aa3fbec96,imp-esma,action_type,settlement,en,AMBIGUOUS,TRUE_MATERIAL_FACT,MEDIUM,"Value inside <a> anchor tag; metric=True, unit=False, entity=True, period=False; nav_count=0, listing_count=0; dom_location=UNKNOWN, is_listing_page=False, is_nav_heavy=False; occurrences=1",s ESG Rating Providers External Reviewers of European Green Bonds Fund Management Issuer Disclosure Investment Services and Crowdfunding Markets and Infrastructure Toggle submenu Central Counterpartie
gtf-0907,doc-b6a3b4fd764791c8,imp-fca,percentage_statistic,92,en,AMBIGUOUS,REMAINS_AMBIGUOUS,LOW,"metric=False, unit=True, entity=True, period=True; nav_count=0, listing_count=0; dom_location=UNKNOWN, is_listing_page=False, is_nav_heavy=True; occurrences=2","eement to the FCA. The Tribunal found that Ms Dunne falsely claimed she had given advice to some pension schemes before she had done so. Also, that she had failed to take proper care when giving pensi"
gtf-0910,doc-5d55c41d98f4dd08,imp-cftc,usd_amount,1.2,en,AMBIGUOUS,REMAINS_AMBIGUOUS,LOW,"metric=False, unit=True, entity=True, period=True; nav_count=0, listing_count=0; dom_location=UNKNOWN, is_listing_page=True, is_nav_heavy=False; occurrences=2","res, options and swaps, whose value is based on the price or performance of an underlying asset—have served as a tool for businesses, farmers, investors and financial institutions to manage risk and a"
gtf-0911,doc-09cefa8413a24efc,imp-cftc,percentage_statistic,0.2,en,AMBIGUOUS,REMAINS_AMBIGUOUS,LOW,"metric=False, unit=True, entity=False, period=False; nav_count=0, listing_count=0; dom_location=UNKNOWN, is_listing_page=True, is_nav_heavy=False; occurrences=1"," for financial innovation. That legacy is now at risk. Last month, Illinois lawmakers slammed the brakes on technological progress by approving what is effectively a “sin tax” on blockchain technology"
gtf-0915,doc-4948ce14a03b3c19,imp-fca,percentage_statistic,36,en,AMBIGUOUS,REMAINS_AMBIGUOUS,LOW,"metric=False, unit=True, entity=False, period=True; nav_count=0, listing_count=0; dom_location=UNKNOWN, is_listing_page=False, is_nav_heavy=True; occurrences=1", be handled. Do I need to use a claims management company (CMC)? A CMC may approach you offering to help you make a claim. You don't need to use a CMC or law firm to make a complaint or use the motor 
gtf-0916,doc-9a712ccb39c76784,imp-fca,action_type,charged,en,AMBIGUOUS,TRUE_MATERIAL_FACT,MEDIUM,"1 article/main/section tags before value; metric=True, unit=False, entity=True, period=True; nav_count=0, listing_count=0; dom_location=ARTICLE_BODY, is_listing_page=False, is_nav_heavy=True; occurrences=1","st published: 30/07/2026 Last updated: 30/07/2026 The FCA has censured Equity for Growth (Securities) Limited (EFG) for approving financial promotions relating to minibonds that were unfair, unclear a"
gtf-0920,doc-84f7e6fd6439aaf2,imp-fca,percentage_statistic,27,en,AMBIGUOUS,REMAINS_AMBIGUOUS,LOW,"metric=False, unit=True, entity=True, period=True; nav_count=0, listing_count=0; dom_location=UNKNOWN, is_listing_page=False, is_nav_heavy=True; occurrences=1","l disruption at one provider can affect many organisations simultaneously, including financial services. Taking a system-wide view Having more visibility across the system is becoming increasingly imp"
gtf-0921,doc-84f7e6fd6439aaf2,imp-fca,percentage_statistic,37,en,AMBIGUOUS,REMAINS_AMBIGUOUS,LOW,"metric=False, unit=True, entity=True, period=True; nav_count=0, listing_count=0; dom_location=UNKNOWN, is_listing_page=False, is_nav_heavy=True; occurrences=1","cial services. Taking a system-wide view Having more visibility across the system is becoming increasingly important, as the financial services landscape has changed. The numbers speak for themselves."
gtf-0922,doc-84919d04d9ff13ff,imp-fca,percentage_statistic,99,en,AMBIGUOUS,REMAINS_AMBIGUOUS,LOW,"metric=False, unit=True, entity=True, period=True; nav_count=0, listing_count=0; dom_location=UNKNOWN, is_listing_page=False, is_nav_heavy=True; occurrences=1","d was ordered to pay £655,951.40. This amount represents the total value of assets the court determined were available to be recovered. The funds will be returned directly to victims of his crimes. To"
gtf-0923,doc-60e8e4990db38b6b,imp-fca,percentage_statistic,27,en,AMBIGUOUS,REMAINS_AMBIGUOUS,LOW,"metric=False, unit=True, entity=True, period=True; nav_count=1, listing_count=0; dom_location=UNKNOWN, is_listing_page=False, is_nav_heavy=True; occurrences=4", and the deadlines for giving feedback. Respond to our consultations Close menu Home News You don&#039;t need to pay to claim: FCA launches nationwide car finance campaign Motor finance You don&#039;t
gtf-0924,doc-60e8e4990db38b6b,imp-fca,percentage_statistic,59,en,AMBIGUOUS,REMAINS_AMBIGUOUS,LOW,"metric=False, unit=True, entity=True, period=True; nav_count=1, listing_count=0; dom_location=UNKNOWN, is_listing_page=False, is_nav_heavy=True; occurrences=1",y be owed compensation aren’t sure where to start or don’t realise they don’t have to pay someone to make a complaint. Our free tools are there to help people feel claim confident – so they can get an
gtf-0925,doc-60e8e4990db38b6b,imp-fca,percentage_statistic,23,en,AMBIGUOUS,REMAINS_AMBIGUOUS,LOW,"metric=False, unit=True, entity=True, period=True; nav_count=1, listing_count=0; dom_location=UNKNOWN, is_listing_page=False, is_nav_heavy=True; occurrences=2",hey don’t have to pay someone to make a complaint. Our free tools are there to help people feel claim confident – so they can get any money owed back without it costing them a penny.' Many car finance
gtf-0926,doc-60e8e4990db38b6b,imp-fca,percentage_statistic,80,en,AMBIGUOUS,REMAINS_AMBIGUOUS,LOW,"metric=False, unit=True, entity=True, period=True; nav_count=1, listing_count=1; dom_location=UNKNOWN, is_listing_page=False, is_nav_heavy=True; occurrences=2","y acting – 59% have made or are considering a claim – but a significant group (23%) say they are unsure of their options. The campaign – running across TV, radio, print, billboards and social media un"
gtf-0927,doc-e63a81b7ed33ab0d,imp-fca,action_type,enforcement action,en,AMBIGUOUS,REMAINS_AMBIGUOUS,LOW,"metric=False, unit=False, entity=False, period=True; nav_count=0, listing_count=0; dom_location=UNKNOWN, is_listing_page=False, is_nav_heavy=True; occurrences=1",efficient business sense. But they can also create conflicts of interest – particularly if they influence consumer journeys or potentially alter commercial incentives. This has the potential to shape 
gtf-0933,doc-ac00651c0093d6f9,imp-ecb,percentage_statistic,88,en,AMBIGUOUS,REMAINS_AMBIGUOUS,LOW,"metric=False, unit=True, entity=True, period=True; nav_count=0, listing_count=0; dom_location=UNKNOWN, is_listing_page=False, is_nav_heavy=True; occurrences=1","s reported that they accept cash. This compares with 90% in 2024, suggesting that cash acceptance has rebounded after the decline observed during and after the pandemic. Overall, cash is the most wide"
gtf-0934,doc-ac00651c0093d6f9,imp-ecb,percentage_statistic,36,en,AMBIGUOUS,REMAINS_AMBIGUOUS,LOW,"metric=False, unit=True, entity=False, period=True; nav_count=0, listing_count=0; dom_location=UNKNOWN, is_listing_page=False, is_nav_heavy=True; occurrences=1"," cash acceptance has rebounded after the decline observed during and after the pandemic. Overall, cash is the most widely accepted payment method in the euro area. Acceptance of card payments remained"
gtf-0935,doc-ac00651c0093d6f9,imp-ecb,percentage_statistic,68,en,AMBIGUOUS,REMAINS_AMBIGUOUS,LOW,"metric=False, unit=True, entity=False, period=True; nav_count=0, listing_count=0; dom_location=UNKNOWN, is_listing_page=False, is_nav_heavy=True; occurrences=1","cceptance has rebounded after the decline observed during and after the pandemic. Overall, cash is the most widely accepted payment method in the euro area. Acceptance of card payments remained broadl"
gtf-0938,doc-ac00651c0093d6f9,imp-ecb,action_type,settlement,en,AMBIGUOUS,TRUE_MATERIAL_FACT,MEDIUM,"list/table structure nearby; 6 links before value (listing pattern); Value inside <a> anchor tag; metric=True, unit=False, entity=True, period=False; nav_count=0, listing_count=0; dom_location=LIST_TABLE, is_listing_page=False, is_nav_heavy=True; occurrences=1",tegy ECB as a catalyst SEPA Instant payments Market contact groups Collateral management harmonisation SCoRE Implementation FAQ AMI-SeCo Cyber resilience Financial market infrastructures TIBER-EU Euro
gtf-0939,doc-737e4fff6a05c09d,imp-ecb,action_type,settlement,en,AMBIGUOUS,TRUE_MATERIAL_FACT,MEDIUM,"list/table structure nearby; 6 links before value (listing pattern); Value inside <a> anchor tag; metric=True, unit=False, entity=True, period=False; nav_count=0, listing_count=0; dom_location=LIST_TABLE, is_listing_page=False, is_nav_heavy=True; occurrences=1",tegy ECB as a catalyst SEPA Instant payments Market contact groups Collateral management harmonisation SCoRE Implementation FAQ AMI-SeCo Cyber resilience Financial market infrastructures TIBER-EU Euro
gtf-0953,doc-60379f7197c52080,imp-bank-of-england,rate_decision,lower,en,AMBIGUOUS,TRUE_MATERIAL_FACT,MEDIUM,"metric=True, unit=False, entity=True, period=True; nav_count=0, listing_count=0; dom_location=UNKNOWN, is_listing_page=False, is_nav_heavy=True; occurrences=1",. It can take around 18 &ndash; 24 months for monetary policy to have its full effect on the economy. So MPC members need to consider what inflation and growth in the economy are likely to be in the n
gtf-0983,doc-3977e22b6168c0e8,imp-swiss-national-bank,percentage_statistic,110,en,AMBIGUOUS,TRUE_MATERIAL_FACT,HIGH,"metric=True, unit=True, entity=False, period=True; nav_count=0, listing_count=0; dom_location=UNKNOWN, is_listing_page=True, is_nav_heavy=False; occurrences=1","payment transactions. The funds received must be repaid by the end of the same bank working day at the latest. To bridge unexpected liquidity bottlenecks, the SNB offers a liquidity-shortage financing"
gtf-0994,doc-19a6ebb8b8b9eadd,imp-ecb,percentage_statistic,0.02,en,AMBIGUOUS,REMAINS_AMBIGUOUS,LOW,"metric=False, unit=True, entity=True, period=True; nav_count=0, listing_count=1; dom_location=UNKNOWN, is_listing_page=False, is_nav_heavy=True; occurrences=1","data for end-March 2026 7 August 2026 The aggregate of total assets of EU-headquartered credit institutions increased by 3.63%, from €33.13 trillion in March 2025 to €34.33 trillion in March 2026 Duri"
gtf-0995,doc-19a6ebb8b8b9eadd,imp-ecb,percentage_statistic,1.98,en,AMBIGUOUS,REMAINS_AMBIGUOUS,LOW,"metric=False, unit=True, entity=True, period=True; nav_count=0, listing_count=0; dom_location=UNKNOWN, is_listing_page=False, is_nav_heavy=True; occurrences=1","ate of total assets of EU-headquartered credit institutions increased by 3.63%, from €33.13 trillion in March 2025 to €34.33 trillion in March 2026 During the same period, EU credit institutions’ aggr"
gtf-0996,doc-19a6ebb8b8b9eadd,imp-ecb,percentage_statistic,2.44,en,AMBIGUOUS,REMAINS_AMBIGUOUS,LOW,"3 links before value (listing pattern); metric=False, unit=True, entity=True, period=True; nav_count=0, listing_count=0; dom_location=UNKNOWN, is_listing_page=False, is_nav_heavy=True; occurrences=1","rom €33.13 trillion in March 2025 to €34.33 trillion in March 2026 During the same period, EU credit institutions’ aggregate non-performing loans ratio [ 1 ] increased by 0.02 percentage points year o"
gtf-0997,doc-19a6ebb8b8b9eadd,imp-ecb,percentage_statistic,16.27,en,AMBIGUOUS,REMAINS_AMBIGUOUS,LOW,"3 links before value (listing pattern); metric=False, unit=True, entity=True, period=True; nav_count=0, listing_count=0; dom_location=UNKNOWN, is_listing_page=False, is_nav_heavy=True; occurrences=1","During the same period, EU credit institutions’ aggregate non-performing loans ratio [ 1 ] increased by 0.02 percentage points year on year to stand at 1.98% in March 2026 EU credit institutions’ aggr"
gtf-0998,doc-19a6ebb8b8b9eadd,imp-ecb,percentage_statistic,100,en,AMBIGUOUS,REMAINS_AMBIGUOUS,LOW,"4 links before value (listing pattern); metric=False, unit=True, entity=True, period=True; nav_count=0, listing_count=0; dom_location=UNKNOWN, is_listing_page=False, is_nav_heavy=True; occurrences=1",rmation required to analyse the EU banking sector and comprise a subset of the information that is available in the year-end dataset. The data cover 335 banking groups and 2284 stand-alone credit inst
gtf-0999,doc-19a6ebb8b8b9eadd,imp-ecb,action_type,settlement,en,AMBIGUOUS,TRUE_MATERIAL_FACT,MEDIUM,"list/table structure nearby; 6 links before value (listing pattern); Value inside <a> anchor tag; metric=True, unit=False, entity=True, period=False; nav_count=0, listing_count=0; dom_location=LIST_TABLE, is_listing_page=False, is_nav_heavy=True; occurrences=1",tegy ECB as a catalyst SEPA Instant payments Market contact groups Collateral management harmonisation SCoRE Implementation FAQ AMI-SeCo Cyber resilience Financial market infrastructures TIBER-EU Euro
gtf-1000,doc-d01c2992c5cd85d6,imp-ecb,action_type,settlement,en,AMBIGUOUS,TRUE_MATERIAL_FACT,MEDIUM,"list/table structure nearby; 6 links before value (listing pattern); Value inside <a> anchor tag; metric=True, unit=False, entity=True, period=False; nav_count=0, listing_count=0; dom_location=LIST_TABLE, is_listing_page=False, is_nav_heavy=True; occurrences=1",tegy ECB as a catalyst SEPA Instant payments Market contact groups Collateral management harmonisation SCoRE Implementation FAQ AMI-SeCo Cyber resilience Financial market infrastructures TIBER-EU Euro
gtf-1004,doc-7d5803d21c44a224,imp-ecb,percentage_statistic,44.3,en,AMBIGUOUS,REMAINS_AMBIGUOUS,LOW,"Value inside <a> anchor tag; metric=False, unit=True, entity=True, period=True; nav_count=0, listing_count=0; dom_location=UNKNOWN, is_listing_page=False, is_nav_heavy=True; occurrences=3","ion continues to indicate stable negotiated wage pressures in 2026 and first quarter of 2027 The European Central Bank (ECB) wage tracker, which covers active collective bargaining agreements, indicat"
gtf-1006,doc-7d5803d21c44a224,imp-ecb,percentage_statistic,28.4,en,AMBIGUOUS,REMAINS_AMBIGUOUS,LOW,"metric=False, unit=True, entity=True, period=True; nav_count=0, listing_count=0; dom_location=UNKNOWN, is_listing_page=False, is_nav_heavy=True; occurrences=4","l Bank (ECB) wage tracker, which covers active collective bargaining agreements, indicates negotiated wage pressures with smoothed one-off payments of 2.3% in 2026 (based on a coverage of 44.3% of emp"
gtf-1015,doc-7d5803d21c44a224,imp-ecb,percentage_statistic,2.9,en,AMBIGUOUS,TRUE_MATERIAL_FACT,HIGH,"metric=True, unit=True, entity=True, period=True; nav_count=0, listing_count=0; dom_location=UNKNOWN, is_listing_page=False, is_nav_heavy=True; occurrences=3","alf of 2026 in the headline indicator. The headline wage tracker stands at 2.7% in the first quarter of 2027, indicating broadly stable negotiated wage pressures at the turn of the year and a currentl"
gtf-1020,doc-7d5803d21c44a224,imp-ecb,percentage_statistic,47.0,en,AMBIGUOUS,REMAINS_AMBIGUOUS,LOW,"metric=False, unit=True, entity=True, period=True; nav_count=0, listing_count=0; dom_location=UNKNOWN, is_listing_page=False, is_nav_heavy=True; occurrences=4","d 2.5% in the third and fourth quarters. The wage tracker excluding one-off payments remains stable at around 2.6% throughout 2026. For the first quarter of 2027, the wage tracker both with unsmoothed"
gtf-1021,doc-7d5803d21c44a224,imp-ecb,percentage_statistic,45.7,en,AMBIGUOUS,REMAINS_AMBIGUOUS,LOW,"metric=False, unit=True, entity=True, period=True; nav_count=0, listing_count=0; dom_location=UNKNOWN, is_listing_page=False, is_nav_heavy=True; occurrences=3"," The wage tracker excluding one-off payments remains stable at around 2.6% throughout 2026. For the first quarter of 2027, the wage tracker both with unsmoothed one-off payments and excluding one-off "
gtf-1022,doc-7d5803d21c44a224,imp-ecb,percentage_statistic,42.5,en,AMBIGUOUS,REMAINS_AMBIGUOUS,LOW,"metric=False, unit=True, entity=True, period=True; nav_count=0, listing_count=0; dom_location=UNKNOWN, is_listing_page=False, is_nav_heavy=True; occurrences=2","ne-off payments remains stable at around 2.6% throughout 2026. For the first quarter of 2027, the wage tracker both with unsmoothed one-off payments and excluding one-off payments reaches 2.7%. Employ"
gtf-1024,doc-7d5803d21c44a224,imp-ecb,percentage_statistic,28.4,en,AMBIGUOUS,REMAINS_AMBIGUOUS,LOW,"metric=False, unit=True, entity=True, period=True; nav_count=0, listing_count=0; dom_location=UNKNOWN, is_listing_page=False, is_nav_heavy=True; occurrences=4","l Bank (ECB) wage tracker, which covers active collective bargaining agreements, indicates negotiated wage pressures with smoothed one-off payments of 2.3% in 2026 (based on a coverage of 44.3% of emp"
gtf-1026,doc-7d5803d21c44a224,imp-ecb,action_type,settlement,en,AMBIGUOUS,TRUE_MATERIAL_FACT,MEDIUM,"list/table structure nearby; 6 links before value (listing pattern); Value inside <a> anchor tag; metric=True, unit=False, entity=True, period=False; nav_count=0, listing_count=0; dom_location=LIST_TABLE, is_listing_page=False, is_nav_heavy=True; occurrences=1",tegy ECB as a catalyst SEPA Instant payments Market contact groups Collateral management harmonisation SCoRE Implementation FAQ AMI-SeCo Cyber resilience Financial market infrastructures TIBER-EU Euro
gtf-1051,doc-fb1d49f16ce70f30,imp-bank-of-england,rate_decision,raise,en,AMBIGUOUS,TRUE_MATERIAL_FACT,MEDIUM,"metric=True, unit=False, entity=False, period=True; nav_count=0, listing_count=0; dom_location=UNKNOWN, is_listing_page=False, is_nav_heavy=True; occurrences=3","rms such as commercial banks. Additionally, we can buy bonds to bring down longer-term interest rates on savings and loans. This is sometimes called quantitative easing (QE). It is the Monetary Policy"
gtf-1055,doc-fb1d49f16ce70f30,imp-bank-of-england,rate_decision,raise,en,AMBIGUOUS,TRUE_MATERIAL_FACT,MEDIUM,"metric=True, unit=False, entity=False, period=True; nav_count=0, listing_count=0; dom_location=UNKNOWN, is_listing_page=False, is_nav_heavy=True; occurrences=3","rms such as commercial banks. Additionally, we can buy bonds to bring down longer-term interest rates on savings and loans. This is sometimes called quantitative easing (QE). It is the Monetary Policy"
gtf-1058,doc-fb1d49f16ce70f30,imp-bank-of-england,rate_decision,raise,en,AMBIGUOUS,TRUE_MATERIAL_FACT,MEDIUM,"metric=True, unit=False, entity=False, period=True; nav_count=0, listing_count=0; dom_location=UNKNOWN, is_listing_page=False, is_nav_heavy=True; occurrences=3","rms such as commercial banks. Additionally, we can buy bonds to bring down longer-term interest rates on savings and loans. This is sometimes called quantitative easing (QE). It is the Monetary Policy"
gtf-1081,doc-9478d7a1e1d9a260,imp-hm-treasury,action_type,charged,en,AMBIGUOUS,REMAINS_AMBIGUOUS,LOW,"metric=False, unit=False, entity=True, period=True; nav_count=0, listing_count=0; dom_location=UNKNOWN, is_listing_page=False, is_nav_heavy=False; occurrences=1","s repeat entries outside the dates 25 June to 1 September, such as a season ticket, it will not qualify for the relief unless it is priced the same as a standard single-entry ticket. Repeat entry tick"
gtf-1132,doc-de2aa23ae32bf15b,src-boj,percentage_statistic,60,en,AMBIGUOUS,REMAINS_AMBIGUOUS,LOW,"metric=False, unit=True, entity=False, period=True; nav_count=0, listing_count=0; dom_location=UNKNOWN, is_listing_page=False, is_nav_heavy=False; occurrences=1","s fresh food) is likely to decelerate to a level below 2 percent in the first half of this year, with the waning of the effects of the rise in food prices, such as rice prices, and partly due to the e"
gtf-1160,doc-013e31b4eca68303,src-boj,percentage_statistic,70,en,AMBIGUOUS,REMAINS_AMBIGUOUS,LOW,"metric=False, unit=False, entity=True, period=True; nav_count=0, listing_count=0; dom_location=UNKNOWN, is_listing_page=False, is_nav_heavy=False; occurrences=2","fore consider price developments to be extremely important for Japan's economy looking ahead. The outlook formulated in April 2026 assumes that, based, for example, on developments in futures markets,"
gtf-1240,doc-5e3d1f6ffe061667,src-cbk-kenya,percentage_statistic,8.75,en,AMBIGUOUS,REMAINS_AMBIGUOUS,LOW,"list/table structure nearby; Value inside <a> anchor tag; metric=False, unit=True, entity=True, period=True; nav_count=0, listing_count=0; dom_location=LIST_TABLE, is_listing_page=False, is_nav_heavy=True; occurrences=2","m on Remittances, Investment and Development 02/11/2023 Remarks by the Governor - The Africa Climate Business Forum 28/05/2024 Acceptance Speech by Governor - Central Bank Governor of the Year Award 1"
gtf-1241,doc-5e3d1f6ffe061667,src-cbk-kenya,percentage_statistic,8.75,en,AMBIGUOUS,REMAINS_AMBIGUOUS,LOW,"list/table structure nearby; Value inside <a> anchor tag; metric=False, unit=True, entity=True, period=True; nav_count=0, listing_count=0; dom_location=LIST_TABLE, is_listing_page=False, is_nav_heavy=True; occurrences=2","m on Remittances, Investment and Development 02/11/2023 Remarks by the Governor - The Africa Climate Business Forum 28/05/2024 Acceptance Speech by Governor - Central Bank Governor of the Year Award 1"
gtf-1245,doc-2b029db9976ec6cb,src-cbk-kenya,percentage_statistic,8.75,en,AMBIGUOUS,REMAINS_AMBIGUOUS,LOW,"list/table structure nearby; Value inside <a> anchor tag; metric=False, unit=True, entity=True, period=True; nav_count=0, listing_count=0; dom_location=LIST_TABLE, is_listing_page=False, is_nav_heavy=True; occurrences=1", i-Supplier Portal Information Security Policy Statement Important Links National Treasury Kenya School of Monetary Studies Kenya Deposit Insurance Corporation Kenya Bankers Association Bankreturns Po
gtf-1248,doc-5102b38e54787f66,src-cbk-kenya,percentage_statistic,8.75,en,AMBIGUOUS,REMAINS_AMBIGUOUS,LOW,"list/table structure nearby; Value inside <a> anchor tag; metric=False, unit=True, entity=True, period=True; nav_count=0, listing_count=0; dom_location=LIST_TABLE, is_listing_page=False, is_nav_heavy=True; occurrences=1", i-Supplier Portal Information Security Policy Statement Important Links National Treasury Kenya School of Monetary Studies Kenya Deposit Insurance Corporation Kenya Bankers Association Bankreturns Po
gtf-1250,doc-5a5d852382f800b4,src-cbk-kenya,percentage_statistic,8.75,en,AMBIGUOUS,REMAINS_AMBIGUOUS,LOW,"list/table structure nearby; Value inside <a> anchor tag; metric=False, unit=True, entity=True, period=True; nav_count=0, listing_count=0; dom_location=LIST_TABLE, is_listing_page=False, is_nav_heavy=True; occurrences=2",mmittee Meeting Background Data February 2026 09/04/2026 Monetary Policy Committee Meeting Background Data April 2026 11/06/2026 Monetary Policy Committee Meeting Background Data June 10 2026 14/08/20
gtf-1251,doc-5a5d852382f800b4,src-cbk-kenya,percentage_statistic,8.75,en,AMBIGUOUS,REMAINS_AMBIGUOUS,LOW,"list/table structure nearby; Value inside <a> anchor tag; metric=False, unit=True, entity=True, period=True; nav_count=0, listing_count=0; dom_location=LIST_TABLE, is_listing_page=False, is_nav_heavy=True; occurrences=2",mmittee Meeting Background Data February 2026 09/04/2026 Monetary Policy Committee Meeting Background Data April 2026 11/06/2026 Monetary Policy Committee Meeting Background Data June 10 2026 14/08/20
gtf-1253,doc-a690244c1044fda8,src-cbk-kenya,percentage_statistic,8.75,en,AMBIGUOUS,REMAINS_AMBIGUOUS,LOW,"list/table structure nearby; Value inside <a> anchor tag; metric=False, unit=True, entity=True, period=True; nav_count=0, listing_count=0; dom_location=LIST_TABLE, is_listing_page=False, is_nav_heavy=True; occurrences=1", i-Supplier Portal Information Security Policy Statement Important Links National Treasury Kenya School of Monetary Studies Kenya Deposit Insurance Corporation Kenya Bankers Association Bankreturns Po
gtf-1255,doc-d736b8e0c2529e30,src-ecb-stat,action_type,settlement,en,AMBIGUOUS,TRUE_MATERIAL_FACT,MEDIUM,"list/table structure nearby; 6 links before value (listing pattern); Value inside <a> anchor tag; metric=True, unit=False, entity=True, period=False; nav_count=0, listing_count=0; dom_location=LIST_TABLE, is_listing_page=False, is_nav_heavy=True; occurrences=1",tegy ECB as a catalyst SEPA Instant payments Market contact groups Collateral management harmonisation SCoRE Implementation FAQ AMI-SeCo Cyber resilience Financial market infrastructures TIBER-EU Euro
gtf-1264,doc-b3d9add0dfb060c9,src-ecb-stat,action_type,settlement,en,AMBIGUOUS,TRUE_MATERIAL_FACT,MEDIUM,"list/table structure nearby; 6 links before value (listing pattern); Value inside <a> anchor tag; metric=True, unit=False, entity=True, period=False; nav_count=0, listing_count=0; dom_location=LIST_TABLE, is_listing_page=False, is_nav_heavy=True; occurrences=1",tegy ECB as a catalyst SEPA Instant payments Market contact groups Collateral management harmonisation SCoRE Implementation FAQ AMI-SeCo Cyber resilience Financial market infrastructures TIBER-EU Euro
gtf-1265,doc-e2766cbce9b2ba77,src-ecb-stat,action_type,settlement,en,AMBIGUOUS,TRUE_MATERIAL_FACT,MEDIUM,"list/table structure nearby; 6 links before value (listing pattern); Value inside <a> anchor tag; metric=True, unit=False, entity=True, period=False; nav_count=0, listing_count=0; dom_location=LIST_TABLE, is_listing_page=False, is_nav_heavy=True; occurrences=1",tegy ECB as a catalyst SEPA Instant payments Market contact groups Collateral management harmonisation SCoRE Implementation FAQ AMI-SeCo Cyber resilience Financial market infrastructures TIBER-EU Euro
gtf-1268,doc-da802c5165a71f32,src-ecb-stat,percentage_statistic,50,en,AMBIGUOUS,TRUE_MATERIAL_FACT,HIGH,"metric=True, unit=True, entity=False, period=True; nav_count=0, listing_count=0; dom_location=UNKNOWN, is_listing_page=False, is_nav_heavy=True; occurrences=19","Denominations Design elements Security features Anti-counterfeiting Banknote production and stocks Damaged and inked-stained banknotes Environment, health and safety Product environmental footprint Re"
gtf-1271,doc-da802c5165a71f32,src-ecb-stat,percentage_statistic,170,en,AMBIGUOUS,REMAINS_AMBIGUOUS,LOW,"metric=False, unit=True, entity=False, period=True; nav_count=0, listing_count=0; dom_location=UNKNOWN, is_listing_page=False, is_nav_heavy=True; occurrences=1","green bonds Marco Belloni Margherita Giuzio Simon Kördel Petya Radulova Dilyara Salakhova Florian Wicknig Financial Stability Review Issue 2, 2020 English Details Abstract Green financial markets are "
gtf-1272,doc-da802c5165a71f32,src-ecb-stat,percentage_statistic,57,en,AMBIGUOUS,TRUE_MATERIAL_FACT,HIGH,"metric=True, unit=True, entity=False, period=True; nav_count=0, listing_count=0; dom_location=UNKNOWN, is_listing_page=False, is_nav_heavy=True; occurrences=2","lloni Margherita Giuzio Simon Kördel Petya Radulova Dilyara Salakhova Florian Wicknig Financial Stability Review Issue 2, 2020 English Details Abstract Green financial markets are growing rapidly. Fun"
gtf-1281,doc-da802c5165a71f32,src-ecb-stat,percentage_statistic,48,en,AMBIGUOUS,REMAINS_AMBIGUOUS,LOW,"metric=False, unit=True, entity=False, period=True; nav_count=1, listing_count=0; dom_location=UNKNOWN, is_listing_page=False, is_nav_heavy=True; occurrences=1"," from 5.2% to 3.5%. In parallel, the share of transactions by foreign investors increased to 54% in 2018, from an average of 49% in 2013 when a particularly strong pick-up in transaction volumes start"
gtf-1287,doc-da802c5165a71f32,src-ecb-stat,percentage_statistic,50,en,AMBIGUOUS,TRUE_MATERIAL_FACT,HIGH,"metric=True, unit=True, entity=False, period=True; nav_count=0, listing_count=0; dom_location=UNKNOWN, is_listing_page=False, is_nav_heavy=True; occurrences=19","Denominations Design elements Security features Anti-counterfeiting Banknote production and stocks Damaged and inked-stained banknotes Environment, health and safety Product environmental footprint Re"
gtf-1288,doc-da802c5165a71f32,src-ecb-stat,percentage_statistic,33.1,en,AMBIGUOUS,REMAINS_AMBIGUOUS,LOW,"metric=False, unit=True, entity=False, period=True; nav_count=1, listing_count=0; dom_location=UNKNOWN, is_listing_page=False, is_nav_heavy=True; occurrences=1",fund universe (including MMFs and IFs but excluding hedge funds). This sample excludes hedge funds and covers roughly half of the euro area investment fund population. Within the aggregated assets und
gtf-1289,doc-da802c5165a71f32,src-ecb-stat,percentage_statistic,29.8,en,AMBIGUOUS,REMAINS_AMBIGUOUS,LOW,"metric=False, unit=True, entity=False, period=True; nav_count=1, listing_count=0; dom_location=UNKNOWN, is_listing_page=False, is_nav_heavy=True; occurrences=1",MMFs and IFs but excluding hedge funds). This sample excludes hedge funds and covers roughly half of the euro area investment fund population. Within the aggregated assets under management (AuM) of th
gtf-1290,doc-da802c5165a71f32,src-ecb-stat,percentage_statistic,17.6,en,AMBIGUOUS,TRUE_MATERIAL_FACT,HIGH,"metric=True, unit=True, entity=False, period=True; nav_count=1, listing_count=0; dom_location=UNKNOWN, is_listing_page=False, is_nav_heavy=True; occurrences=1","ding hedge funds). This sample excludes hedge funds and covers roughly half of the euro area investment fund population. Within the aggregated assets under management (AuM) of the analysed sample, equ"
gtf-1291,doc-da802c5165a71f32,src-ecb-stat,percentage_statistic,14.7,en,AMBIGUOUS,TRUE_MATERIAL_FACT,HIGH,"metric=True, unit=True, entity=False, period=True; nav_count=1, listing_count=0; dom_location=UNKNOWN, is_listing_page=False, is_nav_heavy=True; occurrences=1"," This sample excludes hedge funds and covers roughly half of the euro area investment fund population. Within the aggregated assets under management (AuM) of the analysed sample, equity funds represen"
gtf-1293,doc-da802c5165a71f32,src-ecb-stat,percentage_statistic,2.5,en,AMBIGUOUS,TRUE_MATERIAL_FACT,HIGH,"metric=True, unit=True, entity=True, period=True; nav_count=0, listing_count=0; dom_location=UNKNOWN, is_listing_page=False, is_nav_heavy=True; occurrences=2",tential for growth in the use of hybrid debt instruments. The quantitative risk-weighted capital requirements for the Tier 1 (T1) and total capital ratios are significant – implying a 1.5 percentage p
gtf-1295,doc-da802c5165a71f32,src-ecb-stat,percentage_statistic,50,en,AMBIGUOUS,TRUE_MATERIAL_FACT,HIGH,"metric=True, unit=True, entity=False, period=True; nav_count=0, listing_count=0; dom_location=UNKNOWN, is_listing_page=False, is_nav_heavy=True; occurrences=19","Denominations Design elements Security features Anti-counterfeiting Banknote production and stocks Damaged and inked-stained banknotes Environment, health and safety Product environmental footprint Re"
gtf-1296,doc-da802c5165a71f32,src-ecb-stat,percentage_statistic,10,en,AMBIGUOUS,TRUE_MATERIAL_FACT,HIGH,"metric=True, unit=True, entity=False, period=True; nav_count=0, listing_count=0; dom_location=UNKNOWN, is_listing_page=False, is_nav_heavy=True; occurrences=140","sign elements Security features Anti-counterfeiting Banknote production and stocks Damaged and inked-stained banknotes Environment, health and safety Product environmental footprint Research and devel"
gtf-1302,doc-da802c5165a71f32,src-ecb-stat,percentage_statistic,10,en,AMBIGUOUS,TRUE_MATERIAL_FACT,HIGH,"metric=True, unit=True, entity=False, period=True; nav_count=0, listing_count=0; dom_location=UNKNOWN, is_listing_page=False, is_nav_heavy=True; occurrences=140","sign elements Security features Anti-counterfeiting Banknote production and stocks Damaged and inked-stained banknotes Environment, health and safety Product environmental footprint Research and devel"
gtf-1305,doc-da802c5165a71f32,src-ecb-stat,percentage_statistic,10,en,AMBIGUOUS,TRUE_MATERIAL_FACT,HIGH,"metric=True, unit=True, entity=False, period=True; nav_count=0, listing_count=0; dom_location=UNKNOWN, is_listing_page=False, is_nav_heavy=True; occurrences=140","sign elements Security features Anti-counterfeiting Banknote production and stocks Damaged and inked-stained banknotes Environment, health and safety Product environmental footprint Research and devel"
gtf-1309,doc-da802c5165a71f32,src-ecb-stat,percentage_statistic,10,en,AMBIGUOUS,TRUE_MATERIAL_FACT,HIGH,"metric=True, unit=True, entity=False, period=True; nav_count=0, listing_count=0; dom_location=UNKNOWN, is_listing_page=False, is_nav_heavy=True; occurrences=140","sign elements Security features Anti-counterfeiting Banknote production and stocks Damaged and inked-stained banknotes Environment, health and safety Product environmental footprint Research and devel"
gtf-1312,doc-da802c5165a71f32,src-ecb-stat,percentage_statistic,50,en,AMBIGUOUS,TRUE_MATERIAL_FACT,HIGH,"metric=True, unit=True, entity=False, period=True; nav_count=0, listing_count=0; dom_location=UNKNOWN, is_listing_page=False, is_nav_heavy=True; occurrences=19","Denominations Design elements Security features Anti-counterfeiting Banknote production and stocks Damaged and inked-stained banknotes Environment, health and safety Product environmental footprint Re"
gtf-1314,doc-da802c5165a71f32,src-ecb-stat,percentage_statistic,10,en,AMBIGUOUS,TRUE_MATERIAL_FACT,HIGH,"metric=True, unit=True, entity=False, period=True; nav_count=0, listing_count=0; dom_location=UNKNOWN, is_listing_page=False, is_nav_heavy=True; occurrences=140","sign elements Security features Anti-counterfeiting Banknote production and stocks Damaged and inked-stained banknotes Environment, health and safety Product environmental footprint Research and devel"
gtf-1316,doc-da802c5165a71f32,src-ecb-stat,percentage_statistic,45,en,AMBIGUOUS,TRUE_MATERIAL_FACT,MEDIUM,"metric=True, unit=False, entity=True, period=True; nav_count=0, listing_count=0; dom_location=UNKNOWN, is_listing_page=False, is_nav_heavy=True; occurrences=2"," financial and political uncertainty increase. When sovereign stress events occur, investment funds and global investors withdraw from euro sovereign debt markets, while domestic investors step in. JE"
gtf-1318,doc-da802c5165a71f32,src-ecb-stat,percentage_statistic,10,en,AMBIGUOUS,TRUE_MATERIAL_FACT,HIGH,"metric=True, unit=True, entity=False, period=True; nav_count=0, listing_count=0; dom_location=UNKNOWN, is_listing_page=False, is_nav_heavy=True; occurrences=140","sign elements Security features Anti-counterfeiting Banknote production and stocks Damaged and inked-stained banknotes Environment, health and safety Product environmental footprint Research and devel"
gtf-1319,doc-da802c5165a71f32,src-ecb-stat,percentage_statistic,50,en,AMBIGUOUS,TRUE_MATERIAL_FACT,HIGH,"metric=True, unit=True, entity=False, period=True; nav_count=0, listing_count=0; dom_location=UNKNOWN, is_listing_page=False, is_nav_heavy=True; occurrences=19","Denominations Design elements Security features Anti-counterfeiting Banknote production and stocks Damaged and inked-stained banknotes Environment, health and safety Product environmental footprint Re"
gtf-1322,doc-da802c5165a71f32,src-ecb-stat,percentage_statistic,70,en,AMBIGUOUS,REMAINS_AMBIGUOUS,LOW,"metric=False, unit=True, entity=False, period=True; nav_count=0, listing_count=0; dom_location=UNKNOWN, is_listing_page=False, is_nav_heavy=True; occurrences=4","reen bonds Marco Belloni Margherita Giuzio Simon Kördel Petya Radulova Dilyara Salakhova Florian Wicknig Financial Stability Review Issue 2, 2020 English Details Abstract Green financial markets are g"
gtf-1323,doc-da802c5165a71f32,src-ecb-stat,percentage_statistic,53,en,AMBIGUOUS,REMAINS_AMBIGUOUS,LOW,"metric=False, unit=False, entity=False, period=True; nav_count=0, listing_count=0; dom_location=UNKNOWN, is_listing_page=False, is_nav_heavy=True; occurrences=3","ecisions G14 : Financial Economics→General Financial Markets→Information and Market Efficiency, Event Studies, Insider Trading G18 : Financial Economics→General Financial Markets→Government Policy and"
gtf-1343,doc-da802c5165a71f32,src-ecb-stat,action_type,charged,en,AMBIGUOUS,REMAINS_AMBIGUOUS,LOW,"metric=False, unit=True, entity=True, period=True; nav_count=0, listing_count=1; dom_location=UNKNOWN, is_listing_page=False, is_nav_heavy=True; occurrences=2","o such an EDIS. In particular, one of the questions asked is whether, in order to reduce the reporting burden, smaller banks should make a lump-sum, rather than a riskbased, contribution. Another ques"
gtf-1351,doc-da802c5165a71f32,src-ecb-stat,action_type,charged,en,AMBIGUOUS,REMAINS_AMBIGUOUS,LOW,"metric=False, unit=True, entity=True, period=True; nav_count=0, listing_count=1; dom_location=UNKNOWN, is_listing_page=False, is_nav_heavy=True; occurrences=2","o such an EDIS. In particular, one of the questions asked is whether, in order to reduce the reporting burden, smaller banks should make a lump-sum, rather than a riskbased, contribution. Another ques"
gtf-1370,doc-3f8f2e8f104c5940,src-ecb-stat,action_type,settlement,en,AMBIGUOUS,TRUE_MATERIAL_FACT,MEDIUM,"list/table structure nearby; 6 links before value (listing pattern); Value inside <a> anchor tag; metric=True, unit=False, entity=True, period=False; nav_count=0, listing_count=0; dom_location=LIST_TABLE, is_listing_page=False, is_nav_heavy=True; occurrences=1",tegy ECB as a catalyst SEPA Instant payments Market contact groups Collateral management harmonisation SCoRE Implementation FAQ AMI-SeCo Cyber resilience Financial market infrastructures TIBER-EU Euro
gtf-1371,doc-c42b79a8211a642b,src-treasurydirect-us,usd_amount,"23,400,742,595",en,AMBIGUOUS,REMAINS_AMBIGUOUS,LOW,"list/table structure nearby; metric=False, unit=True, entity=True, period=True; nav_count=0, listing_count=0; dom_location=LIST_TABLE, is_listing_page=True, is_nav_heavy=False; occurrences=0","ELEASE AT 3:00 PM May 6, 2026 The Bureau of the Fiscal Service announced activity during the month of April 2026 for securities within the Separate Trading of Registered Interest and Principal of Secu"
gtf-1372,doc-c42b79a8211a642b,src-treasurydirect-us,usd_amount,"22,794,817,094",en,AMBIGUOUS,REMAINS_AMBIGUOUS,LOW,"list/table structure nearby; metric=False, unit=True, entity=True, period=True; nav_count=0, listing_count=0; dom_location=LIST_TABLE, is_listing_page=True, is_nav_heavy=False; occurrences=0", of the Fiscal Service announced activity during the month of April 2026 for securities within the Separate Trading of Registered Interest and Principal of Securities program ( STRIPS ). Dollar Amount
gtf-1373,doc-c42b79a8211a642b,src-treasurydirect-us,usd_amount,"605,925,501",en,AMBIGUOUS,REMAINS_AMBIGUOUS,LOW,"list/table structure nearby; metric=False, unit=True, entity=True, period=True; nav_count=0, listing_count=0; dom_location=LIST_TABLE, is_listing_page=True, is_nav_heavy=False; occurrences=0",ity during the month of April 2026 for securities within the Separate Trading of Registered Interest and Principal of Securities program ( STRIPS ). Dollar Amounts In Thousands Principal Outstanding (
gtf-1374,doc-c42b79a8211a642b,src-treasurydirect-us,usd_amount,"34,184,403",en,AMBIGUOUS,REMAINS_AMBIGUOUS,LOW,"metric=False, unit=True, entity=True, period=True; nav_count=0, listing_count=0; dom_location=UNKNOWN, is_listing_page=True, is_nav_heavy=False; occurrences=0","or securities within the Separate Trading of Registered Interest and Principal of Securities program ( STRIPS ). Dollar Amounts In Thousands Principal Outstanding (Eligible Securities) $23,400,742,595"
gtf-1377,doc-f8355574dd8bc322,src-treasurydirect-us,percentage_statistic,4.03,en,AMBIGUOUS,LISTING_OVER_CAPTURE,MEDIUM,"list/table structure nearby; Value inside <a> anchor tag; metric=False, unit=True, entity=False, period=True; nav_count=0, listing_count=1; dom_location=LIST_TABLE, is_listing_page=True, is_nav_heavy=False; occurrences=1", December 2025 2025 December 2025 The Fiscal Service Announces Activity for Securities in the STRIPS Program for November 2025 November 2025 The Fiscal Service Announces Activity for Securities in the
gtf-1378,doc-f8355574dd8bc322,src-treasurydirect-us,percentage_statistic,2.50,en,AMBIGUOUS,LISTING_OVER_CAPTURE,MEDIUM,"list/table structure nearby; Value inside <a> anchor tag; metric=False, unit=True, entity=False, period=True; nav_count=0, listing_count=1; dom_location=LIST_TABLE, is_listing_page=True, is_nav_heavy=False; occurrences=2",ber 2025 The Fiscal Service Announces Activity for Securities in the STRIPS Program for November 2025 November 2025 The Fiscal Service Announces Activity for Securities in the STRIPS Program for Octob
gtf-1381,doc-f8355574dd8bc322,src-treasurydirect-us,percentage_statistic,3.11,en,AMBIGUOUS,REMAINS_AMBIGUOUS,LOW,"Value inside <a> anchor tag; metric=False, unit=True, entity=False, period=True; nav_count=0, listing_count=0; dom_location=UNKNOWN, is_listing_page=True, is_nav_heavy=False; occurrences=1","Owners in the Cheyenne River Sioux Tribe Affected by Severe Storm, Straight-line Winds, and Flooding; One-year minimum holding period waived The Fiscal Service Announces Activity for Securities in the"
gtf-1382,doc-f8355574dd8bc322,src-treasurydirect-us,percentage_statistic,2.60,en,AMBIGUOUS,REMAINS_AMBIGUOUS,LOW,"Value inside <a> anchor tag; metric=False, unit=True, entity=False, period=True; nav_count=0, listing_count=0; dom_location=UNKNOWN, is_listing_page=True, is_nav_heavy=False; occurrences=1","ver Sioux Tribe Affected by Severe Storm, Straight-line Winds, and Flooding; One-year minimum holding period waived The Fiscal Service Announces Activity for Securities in the STRIPS Program for Octob"
gtf-1385,doc-f8355574dd8bc322,src-treasurydirect-us,percentage_statistic,5.27,en,AMBIGUOUS,REMAINS_AMBIGUOUS,LOW,"3 links before value (listing pattern); Value inside <a> anchor tag; metric=False, unit=True, entity=False, period=True; nav_count=0, listing_count=0; dom_location=UNKNOWN, is_listing_page=True, is_nav_heavy=False; occurrences=1",ovember 2023 Fiscal Service Aids Savings Bonds Owners in Illinois Affected by Severe Storms and Flooding; One-year minimum holding period waived Fiscal Service Announces Activity for Securities in the
gtf-1387,doc-f8355574dd8bc322,src-treasurydirect-us,percentage_statistic,4.30,en,AMBIGUOUS,REMAINS_AMBIGUOUS,LOW,"3 links before value (listing pattern); Value inside <a> anchor tag; metric=False, unit=True, entity=True, period=True; nav_count=0, listing_count=0; dom_location=UNKNOWN, is_listing_page=True, is_nav_heavy=False; occurrences=1"," for April 2023 Fiscal Service Aids Savings Bonds Owners in Florida Affected by Severe Storms, Tornadoes, and Flooding; One-year minimum holding period waived Treasury to Suspend Sales of State and Lo"
gtf-1388,doc-f8355574dd8bc322,src-treasurydirect-us,percentage_statistic,2.50,en,AMBIGUOUS,LISTING_OVER_CAPTURE,MEDIUM,"list/table structure nearby; Value inside <a> anchor tag; metric=False, unit=True, entity=False, period=True; nav_count=0, listing_count=1; dom_location=LIST_TABLE, is_listing_page=True, is_nav_heavy=False; occurrences=2",ber 2025 The Fiscal Service Announces Activity for Securities in the STRIPS Program for November 2025 November 2025 The Fiscal Service Announces Activity for Securities in the STRIPS Program for Octob
gtf-1389,doc-f8355574dd8bc322,src-treasurydirect-us,percentage_statistic,6.89,en,AMBIGUOUS,REMAINS_AMBIGUOUS,LOW,"3 links before value (listing pattern); Value inside <a> anchor tag; metric=False, unit=True, entity=True, period=True; nav_count=0, listing_count=0; dom_location=UNKNOWN, is_listing_page=True, is_nav_heavy=False; occurrences=1",imum holding period waived Treasury Seeking Comments on State and Local Government Series (SLGS) Securities Notice of Proposed Rulemaking (NPRM) Fiscal Service Announces Activity for Securities in the
gtf-1390,doc-f8355574dd8bc322,src-treasurydirect-us,percentage_statistic,2.10,en,AMBIGUOUS,REMAINS_AMBIGUOUS,LOW,"3 links before value (listing pattern); Value inside <a> anchor tag; metric=False, unit=True, entity=True, period=True; nav_count=0, listing_count=0; dom_location=UNKNOWN, is_listing_page=True, is_nav_heavy=False; occurrences=1",d Treasury Seeking Comments on State and Local Government Series (SLGS) Securities Notice of Proposed Rulemaking (NPRM) Fiscal Service Announces Activity for Securities in the STRIPS Program for Octob
gtf-1393,doc-f8355574dd8bc322,src-treasurydirect-us,percentage_statistic,7.12,en,AMBIGUOUS,REMAINS_AMBIGUOUS,LOW,"3 links before value (listing pattern); Value inside <a> anchor tag; metric=False, unit=True, entity=True, period=True; nav_count=0, listing_count=0; dom_location=UNKNOWN, is_listing_page=True, is_nav_heavy=False; occurrences=1",terans to Redeem their Matured U.S. Savings Bonds; Veterans - You May Have Matured Savings Bonds. U.S. Treasury Wants to Help You Redeem Them The Fiscal Service Announces Activity for Securities in th
gtf-1395,doc-f8355574dd8bc322,src-treasurydirect-us,percentage_statistic,3.54,en,AMBIGUOUS,LISTING_OVER_CAPTURE,MEDIUM,"list/table structure nearby; 3 links before value (listing pattern); Value inside <a> anchor tag; metric=False, unit=True, entity=False, period=True; nav_count=0, listing_count=1; dom_location=LIST_TABLE, is_listing_page=True, is_nav_heavy=False; occurrences=1","Fiscal Service Aids Savings Bonds Owners in Tennessee Affected by Severe Storms, Tornadoes and Flooding; One-year minimum holding period waived The Fiscal Service Announces Activity for Securities in "
gtf-1397,doc-8256ffdea0a72f50,src-treasurydirect-us,usd_amount,"23,312,484,477",en,AMBIGUOUS,REMAINS_AMBIGUOUS,LOW,"list/table structure nearby; metric=False, unit=True, entity=True, period=True; nav_count=0, listing_count=0; dom_location=LIST_TABLE, is_listing_page=True, is_nav_heavy=False; occurrences=0","RELEASE AT 3:00 PM June 4, 2026 The Bureau of the Fiscal Service announced activity during the month of May 2026 for securities within the Separate Trading of Registered Interest and Principal of Secu"
gtf-1398,doc-8256ffdea0a72f50,src-treasurydirect-us,usd_amount,"22,695,004,850",en,AMBIGUOUS,REMAINS_AMBIGUOUS,LOW,"list/table structure nearby; metric=False, unit=True, entity=True, period=True; nav_count=0, listing_count=0; dom_location=LIST_TABLE, is_listing_page=True, is_nav_heavy=False; occurrences=0",au of the Fiscal Service announced activity during the month of May 2026 for securities within the Separate Trading of Registered Interest and Principal of Securities program ( STRIPS ). Dollar Amount
gtf-1399,doc-8256ffdea0a72f50,src-treasurydirect-us,usd_amount,"617,479,626",en,AMBIGUOUS,REMAINS_AMBIGUOUS,LOW,"list/table structure nearby; metric=False, unit=True, entity=True, period=True; nav_count=0, listing_count=0; dom_location=LIST_TABLE, is_listing_page=True, is_nav_heavy=False; occurrences=0",ivity during the month of May 2026 for securities within the Separate Trading of Registered Interest and Principal of Securities program ( STRIPS ). Dollar Amounts In Thousands Principal Outstanding (
gtf-1400,doc-8256ffdea0a72f50,src-treasurydirect-us,usd_amount,"24,297,807",en,AMBIGUOUS,REMAINS_AMBIGUOUS,LOW,"metric=False, unit=True, entity=True, period=True; nav_count=0, listing_count=0; dom_location=UNKNOWN, is_listing_page=True, is_nav_heavy=False; occurrences=0"," for securities within the Separate Trading of Registered Interest and Principal of Securities program ( STRIPS ). Dollar Amounts In Thousands Principal Outstanding (Eligible Securities) $23,312,484,4"
gtf-1471,doc-ce3737ae73faa68e,imp-euronext,percentage_statistic,232,en,AMBIGUOUS,REMAINS_AMBIGUOUS,LOW,"list/table structure nearby; metric=False, unit=True, entity=False, period=True; nav_count=0, listing_count=0; dom_location=LIST_TABLE, is_listing_page=False, is_nav_heavy=True; occurrences=3",2022 English Version English 15/06/2023 /sites/default/files/2023-06/cassa_di_compensazione_e_garanzia_spa_financial_statement_31.12.2022_eng.pdf Financial Statement as of 31 December 2022 PDF Financi
gtf-1472,doc-ce3737ae73faa68e,imp-euronext,percentage_statistic,12.2021,en,AMBIGUOUS,REMAINS_AMBIGUOUS,LOW,"list/table structure nearby; Value inside <a> anchor tag; metric=False, unit=True, entity=False, period=True; nav_count=0, listing_count=0; dom_location=LIST_TABLE, is_listing_page=False, is_nav_heavy=True; occurrences=1",e_garanzia_spa_financial_statement_31.12.2022_eng.pdf Financial Statement as of 31 December 2022 PDF Financial Statement as of 31 December 2021 English Version English 27/07/2022 /sites/default/files/
gtf-1474,doc-ce3737ae73faa68e,imp-euronext,percentage_statistic,29,en,AMBIGUOUS,REMAINS_AMBIGUOUS,LOW,"metric=False, unit=False, entity=False, period=True; nav_count=0, listing_count=0; dom_location=UNKNOWN, is_listing_page=False, is_nav_heavy=True; occurrences=4",s & Financial Statements EN EN IT Euronext Clearing Annual Reports & Financial Statements Overview of Annual Reports & Financial Statements published by Euronext Clearing Document downloads (translati
gtf-1476,doc-ce3737ae73faa68e,imp-euronext,percentage_statistic,232,en,AMBIGUOUS,REMAINS_AMBIGUOUS,LOW,"list/table structure nearby; metric=False, unit=True, entity=False, period=True; nav_count=0, listing_count=0; dom_location=LIST_TABLE, is_listing_page=False, is_nav_heavy=True; occurrences=3",2022 English Version English 15/06/2023 /sites/default/files/2023-06/cassa_di_compensazione_e_garanzia_spa_financial_statement_31.12.2022_eng.pdf Financial Statement as of 31 December 2022 PDF Financi
gtf-1479,doc-ce3737ae73faa68e,imp-euronext,percentage_statistic,29,en,AMBIGUOUS,REMAINS_AMBIGUOUS,LOW,"metric=False, unit=False, entity=False, period=True; nav_count=0, listing_count=0; dom_location=UNKNOWN, is_listing_page=False, is_nav_heavy=True; occurrences=4",s & Financial Statements EN EN IT Euronext Clearing Annual Reports & Financial Statements Overview of Annual Reports & Financial Statements published by Euronext Clearing Document downloads (translati
gtf-1480,doc-ce3737ae73faa68e,imp-euronext,percentage_statistic,232,en,AMBIGUOUS,REMAINS_AMBIGUOUS,LOW,"list/table structure nearby; metric=False, unit=True, entity=False, period=True; nav_count=0, listing_count=0; dom_location=LIST_TABLE, is_listing_page=False, is_nav_heavy=True; occurrences=3",2022 English Version English 15/06/2023 /sites/default/files/2023-06/cassa_di_compensazione_e_garanzia_spa_financial_statement_31.12.2022_eng.pdf Financial Statement as of 31 December 2022 PDF Financi
gtf-1481,doc-ce3737ae73faa68e,imp-euronext,percentage_statistic,12.2019,en,AMBIGUOUS,REMAINS_AMBIGUOUS,LOW,"list/table structure nearby; Value inside <a> anchor tag; metric=False, unit=True, entity=False, period=True; nav_count=0, listing_count=0; dom_location=LIST_TABLE, is_listing_page=False, is_nav_heavy=True; occurrences=1",nsazione%20e%20Garanzia%20SpA%20-%20Financial%20Statements%2031.12.2020%20%28English%29%20-%20Signed%20-%20EY.pdf Financial Statement as of 31 December 2020 PDF Financial Statement as of 31 December 2
gtf-1586,doc-bda337df91614348,src-beis-uk,percentage_statistic,5,en,AMBIGUOUS,TRUE_MATERIAL_FACT,HIGH,"metric=True, unit=True, entity=False, period=True; nav_count=0, listing_count=0; dom_location=UNKNOWN, is_listing_page=False, is_nav_heavy=False; occurrences=6","hange. I said I wanted to give people breathing space, and that’s what I’m announcing on my second day as Prime Minister. We’re taking immediate action to cut taxes on energy bills, put more money in "
gtf-1590,doc-55351346ad8936fe,src-beis-uk,percentage_statistic,90,en,AMBIGUOUS,REMAINS_AMBIGUOUS,LOW,"metric=False, unit=True, entity=False, period=True; nav_count=1, listing_count=0; dom_location=UNKNOWN, is_listing_page=False, is_nav_heavy=False; occurrences=1","y , but as the data is intended for website and app developers, it will not be a useful format for everyone. Are my local petrol stations reporting data to Fuel Finder? The scheme places a mandatory o"
gtf-1591,doc-55351346ad8936fe,src-beis-uk,action_type,enforcement action,en,AMBIGUOUS,REMAINS_AMBIGUOUS,LOW,"metric=False, unit=True, entity=False, period=True; nav_count=1, listing_count=0; dom_location=UNKNOWN, is_listing_page=False, is_nav_heavy=False; occurrences=1","heir pricing data. Around 90% of petrol stations are now signed up to Fuel Finder, and we require all outstanding stations to start sharing their prices with Fuel Finder now. Should a small number of "
gtf-0014,doc-7c5cd3967c2f9f10,imp-bea,percentage_statistic,76.6,en,TRUE_MATERIAL_FACT,TRUE_MATERIAL_FACT (V31),HIGH (V31),"V31 confirmed TRUE_MATERIAL_FACT, Core missed",
gtf-0015,doc-7c5cd3967c2f9f10,imp-bea,percentage_statistic,46.3,en,TRUE_MATERIAL_FACT,TRUE_MATERIAL_FACT (V31),HIGH (V31),"V31 confirmed TRUE_MATERIAL_FACT, Core missed",
gtf-0016,doc-7c5cd3967c2f9f10,imp-bea,percentage_statistic,22.6,en,TRUE_MATERIAL_FACT,TRUE_MATERIAL_FACT (V31),HIGH (V31),"V31 confirmed TRUE_MATERIAL_FACT, Core missed",
gtf-0017,doc-7c5cd3967c2f9f10,imp-bea,percentage_statistic,23.3,en,TRUE_MATERIAL_FACT,TRUE_MATERIAL_FACT (V31),HIGH (V31),"V31 confirmed TRUE_MATERIAL_FACT, Core missed",
gtf-0048,doc-ab8dbef146c79b7d,imp-eurostat,percentage_statistic,0.0,en,TRUE_MATERIAL_FACT,TRUE_MATERIAL_FACT (V31),HIGH (V31),"V31 confirmed TRUE_MATERIAL_FACT, Core missed",
gtf-0049,doc-ab8dbef146c79b7d,imp-eurostat,percentage_statistic,0.0,en,TRUE_MATERIAL_FACT,TRUE_MATERIAL_FACT (V31),HIGH (V31),"V31 confirmed TRUE_MATERIAL_FACT, Core missed",
gtf-0050,doc-ab8dbef146c79b7d,imp-eurostat,percentage_statistic,0.0,en,TRUE_MATERIAL_FACT,TRUE_MATERIAL_FACT (V31),HIGH (V31),"V31 confirmed TRUE_MATERIAL_FACT, Core missed",
gtf-0051,doc-ab8dbef146c79b7d,imp-eurostat,percentage_statistic,0.0,en,TRUE_MATERIAL_FACT,TRUE_MATERIAL_FACT (V31),HIGH (V31),"V31 confirmed TRUE_MATERIAL_FACT, Core missed",
gtf-0052,doc-ab8dbef146c79b7d,imp-eurostat,percentage_statistic,0.0,en,TRUE_MATERIAL_FACT,TRUE_MATERIAL_FACT (V31),HIGH (V31),"V31 confirmed TRUE_MATERIAL_FACT, Core missed",
gtf-0053,doc-ab8dbef146c79b7d,imp-eurostat,percentage_statistic,0.0,en,TRUE_MATERIAL_FACT,TRUE_MATERIAL_FACT (V31),HIGH (V31),"V31 confirmed TRUE_MATERIAL_FACT, Core missed",
gtf-0057,doc-7eafb0e5382d524a,imp-eurostat,percentage_statistic,0.5,en,TRUE_MATERIAL_FACT,TRUE_MATERIAL_FACT (V31),HIGH (V31),"V31 confirmed TRUE_MATERIAL_FACT, Core missed",
gtf-0061,doc-7eafb0e5382d524a,imp-eurostat,percentage_statistic,0.3,en,TRUE_MATERIAL_FACT,TRUE_MATERIAL_FACT (V31),HIGH (V31),"V31 confirmed TRUE_MATERIAL_FACT, Core missed",
gtf-0062,doc-7eafb0e5382d524a,imp-eurostat,percentage_statistic,0.3,en,TRUE_MATERIAL_FACT,TRUE_MATERIAL_FACT (V31),HIGH (V31),"V31 confirmed TRUE_MATERIAL_FACT, Core missed",
gtf-0067,doc-7eafb0e5382d524a,imp-eurostat,percentage_statistic,0.18,en,TRUE_MATERIAL_FACT,TRUE_MATERIAL_FACT (V31),HIGH (V31),"V31 confirmed TRUE_MATERIAL_FACT, Core missed",
gtf-0068,doc-7eafb0e5382d524a,imp-eurostat,percentage_statistic,74.7,en,TRUE_MATERIAL_FACT,TRUE_MATERIAL_FACT (V31),HIGH (V31),"V31 confirmed TRUE_MATERIAL_FACT, Core missed",
gtf-0069,doc-7eafb0e5382d524a,imp-eurostat,percentage_statistic,64.4,en,TRUE_MATERIAL_FACT,TRUE_MATERIAL_FACT (V31),HIGH (V31),"V31 confirmed TRUE_MATERIAL_FACT, Core missed",
gtf-0070,doc-7eafb0e5382d524a,imp-eurostat,percentage_statistic,61,en,TRUE_MATERIAL_FACT,TRUE_MATERIAL_FACT (V31),HIGH (V31),"V31 confirmed TRUE_MATERIAL_FACT, Core missed",
gtf-0071,doc-7eafb0e5382d524a,imp-eurostat,percentage_statistic,0.69,en,TRUE_MATERIAL_FACT,TRUE_MATERIAL_FACT (V31),HIGH (V31),"V31 confirmed TRUE_MATERIAL_FACT, Core missed",
gtf-0072,doc-7eafb0e5382d524a,imp-eurostat,percentage_statistic,2.4,en,TRUE_MATERIAL_FACT,TRUE_MATERIAL_FACT (V31),HIGH (V31),"V31 confirmed TRUE_MATERIAL_FACT, Core missed",
gtf-0073,doc-7eafb0e5382d524a,imp-eurostat,percentage_statistic,60.5,en,TRUE_MATERIAL_FACT,TRUE_MATERIAL_FACT (V31),HIGH (V31),"V31 confirmed TRUE_MATERIAL_FACT, Core missed",
gtf-0077,doc-7eafb0e5382d524a,imp-eurostat,percentage_statistic,23.8,en,TRUE_MATERIAL_FACT,TRUE_MATERIAL_FACT (V31),HIGH (V31),"V31 confirmed TRUE_MATERIAL_FACT, Core missed",
gtf-0078,doc-7eafb0e5382d524a,imp-eurostat,percentage_statistic,15.8,en,TRUE_MATERIAL_FACT,TRUE_MATERIAL_FACT (V31),HIGH (V31),"V31 confirmed TRUE_MATERIAL_FACT, Core missed",
gtf-0079,doc-7eafb0e5382d524a,imp-eurostat,percentage_statistic,12.0,en,TRUE_MATERIAL_FACT,TRUE_MATERIAL_FACT (V31),HIGH (V31),"V31 confirmed TRUE_MATERIAL_FACT, Core missed",
gtf-0080,doc-7eafb0e5382d524a,imp-eurostat,percentage_statistic,0.1,en,TRUE_MATERIAL_FACT,TRUE_MATERIAL_FACT (V31),HIGH (V31),"V31 confirmed TRUE_MATERIAL_FACT, Core missed",
gtf-0081,doc-7eafb0e5382d524a,imp-eurostat,percentage_statistic,16.5,en,TRUE_MATERIAL_FACT,TRUE_MATERIAL_FACT (V31),HIGH (V31),"V31 confirmed TRUE_MATERIAL_FACT, Core missed",
gtf-0199,doc-3c78c920fe89e689,src-eurostat-agri,percentage_statistic,22,en,TRUE_MATERIAL_FACT,TRUE_MATERIAL_FACT (V31),HIGH (V31),"V31 confirmed TRUE_MATERIAL_FACT, Core missed",
gtf-0202,doc-3c78c920fe89e689,src-eurostat-agri,percentage_statistic,75,en,TRUE_MATERIAL_FACT,TRUE_MATERIAL_FACT (V31),HIGH (V31),"V31 confirmed TRUE_MATERIAL_FACT, Core missed",
gtf-0203,doc-cc10a6c194e5435b,src-eurostat-agri,percentage_statistic,0.5,en,TRUE_MATERIAL_FACT,TRUE_MATERIAL_FACT (V31),HIGH (V31),"V31 confirmed TRUE_MATERIAL_FACT, Core missed",
gtf-0207,doc-cc10a6c194e5435b,src-eurostat-agri,percentage_statistic,0.3,en,TRUE_MATERIAL_FACT,TRUE_MATERIAL_FACT (V31),HIGH (V31),"V31 confirmed TRUE_MATERIAL_FACT, Core missed",
gtf-0208,doc-cc10a6c194e5435b,src-eurostat-agri,percentage_statistic,0.3,en,TRUE_MATERIAL_FACT,TRUE_MATERIAL_FACT (V31),HIGH (V31),"V31 confirmed TRUE_MATERIAL_FACT, Core missed",
gtf-0213,doc-cc10a6c194e5435b,src-eurostat-agri,percentage_statistic,0.18,en,TRUE_MATERIAL_FACT,TRUE_MATERIAL_FACT (V31),HIGH (V31),"V31 confirmed TRUE_MATERIAL_FACT, Core missed",
gtf-0214,doc-cc10a6c194e5435b,src-eurostat-agri,percentage_statistic,74.7,en,TRUE_MATERIAL_FACT,TRUE_MATERIAL_FACT (V31),HIGH (V31),"V31 confirmed TRUE_MATERIAL_FACT, Core missed",
gtf-0215,doc-cc10a6c194e5435b,src-eurostat-agri,percentage_statistic,64.4,en,TRUE_MATERIAL_FACT,TRUE_MATERIAL_FACT (V31),HIGH (V31),"V31 confirmed TRUE_MATERIAL_FACT, Core missed",
gtf-0216,doc-cc10a6c194e5435b,src-eurostat-agri,percentage_statistic,61,en,TRUE_MATERIAL_FACT,TRUE_MATERIAL_FACT (V31),HIGH (V31),"V31 confirmed TRUE_MATERIAL_FACT, Core missed",
gtf-0217,doc-cc10a6c194e5435b,src-eurostat-agri,percentage_statistic,0.69,en,TRUE_MATERIAL_FACT,TRUE_MATERIAL_FACT (V31),HIGH (V31),"V31 confirmed TRUE_MATERIAL_FACT, Core missed",
gtf-0218,doc-cc10a6c194e5435b,src-eurostat-agri,percentage_statistic,2.4,en,TRUE_MATERIAL_FACT,TRUE_MATERIAL_FACT (V31),HIGH (V31),"V31 confirmed TRUE_MATERIAL_FACT, Core missed",
gtf-0219,doc-cc10a6c194e5435b,src-eurostat-agri,percentage_statistic,60.5,en,TRUE_MATERIAL_FACT,TRUE_MATERIAL_FACT (V31),HIGH (V31),"V31 confirmed TRUE_MATERIAL_FACT, Core missed",
gtf-0223,doc-cc10a6c194e5435b,src-eurostat-agri,percentage_statistic,23.8,en,TRUE_MATERIAL_FACT,TRUE_MATERIAL_FACT (V31),HIGH (V31),"V31 confirmed TRUE_MATERIAL_FACT, Core missed",
gtf-0224,doc-cc10a6c194e5435b,src-eurostat-agri,percentage_statistic,15.8,en,TRUE_MATERIAL_FACT,TRUE_MATERIAL_FACT (V31),HIGH (V31),"V31 confirmed TRUE_MATERIAL_FACT, Core missed",
gtf-0225,doc-cc10a6c194e5435b,src-eurostat-agri,percentage_statistic,12.0,en,TRUE_MATERIAL_FACT,TRUE_MATERIAL_FACT (V31),HIGH (V31),"V31 confirmed TRUE_MATERIAL_FACT, Core missed",
gtf-0226,doc-cc10a6c194e5435b,src-eurostat-agri,percentage_statistic,0.1,en,TRUE_MATERIAL_FACT,TRUE_MATERIAL_FACT (V31),HIGH (V31),"V31 confirmed TRUE_MATERIAL_FACT, Core missed",
gtf-0227,doc-cc10a6c194e5435b,src-eurostat-agri,percentage_statistic,16.5,en,TRUE_MATERIAL_FACT,TRUE_MATERIAL_FACT (V31),HIGH (V31),"V31 confirmed TRUE_MATERIAL_FACT, Core missed",
gtf-0238,doc-a72c0918e27dd12b,src-stat-austria,percentage_statistic,15,en,TRUE_MATERIAL_FACT,TRUE_MATERIAL_FACT (V31),HIGH (V31),"V31 confirmed TRUE_MATERIAL_FACT, Core missed",
gtf-0262,doc-a72c0918e27dd12b,src-stat-austria,percentage_statistic,34,en,TRUE_MATERIAL_FACT,TRUE_MATERIAL_FACT (V31),HIGH (V31),"V31 confirmed TRUE_MATERIAL_FACT, Core missed",
gtf-0270,doc-a72c0918e27dd12b,src-stat-austria,percentage_statistic,72,en,TRUE_MATERIAL_FACT,TRUE_MATERIAL_FACT (V31),HIGH (V31),"V31 confirmed TRUE_MATERIAL_FACT, Core missed",
gtf-0307,doc-a72c0918e27dd12b,src-stat-austria,percentage_statistic,48,en,TRUE_MATERIAL_FACT,TRUE_MATERIAL_FACT (V31),HIGH (V31),"V31 confirmed TRUE_MATERIAL_FACT, Core missed",
gtf-0350,doc-a72c0918e27dd12b,src-stat-austria,percentage_statistic,45,en,TRUE_MATERIAL_FACT,TRUE_MATERIAL_FACT (V31),HIGH (V31),"V31 confirmed TRUE_MATERIAL_FACT, Core missed",
gtf-0368,doc-a72c0918e27dd12b,src-stat-austria,percentage_statistic,35,en,TRUE_MATERIAL_FACT,TRUE_MATERIAL_FACT (V31),HIGH (V31),"V31 confirmed TRUE_MATERIAL_FACT, Core missed",
gtf-0389,doc-a72c0918e27dd12b,src-stat-austria,percentage_statistic,15,en,TRUE_MATERIAL_FACT,TRUE_MATERIAL_FACT (V31),HIGH (V31),"V31 confirmed TRUE_MATERIAL_FACT, Core missed",
gtf-0407,doc-a72c0918e27dd12b,src-stat-austria,percentage_statistic,30,en,TRUE_MATERIAL_FACT,TRUE_MATERIAL_FACT (V31),HIGH (V31),"V31 confirmed TRUE_MATERIAL_FACT, Core missed",
gtf-0410,doc-a72c0918e27dd12b,src-stat-austria,percentage_statistic,31,en,TRUE_MATERIAL_FACT,TRUE_MATERIAL_FACT (V31),HIGH (V31),"V31 confirmed TRUE_MATERIAL_FACT, Core missed",
gtf-0418,doc-a72c0918e27dd12b,src-stat-austria,percentage_statistic,43,en,TRUE_MATERIAL_FACT,TRUE_MATERIAL_FACT (V31),HIGH (V31),"V31 confirmed TRUE_MATERIAL_FACT, Core missed",
gtf-0444,doc-a72c0918e27dd12b,src-stat-austria,percentage_statistic,60,en,TRUE_MATERIAL_FACT,TRUE_MATERIAL_FACT (V31),HIGH (V31),"V31 confirmed TRUE_MATERIAL_FACT, Core missed",
gtf-0445,doc-a72c0918e27dd12b,src-stat-austria,percentage_statistic,66,en,TRUE_MATERIAL_FACT,TRUE_MATERIAL_FACT (V31),HIGH (V31),"V31 confirmed TRUE_MATERIAL_FACT, Core missed",
gtf-0454,doc-a72c0918e27dd12b,src-stat-austria,percentage_statistic,15,en,TRUE_MATERIAL_FACT,TRUE_MATERIAL_FACT (V31),HIGH (V31),"V31 confirmed TRUE_MATERIAL_FACT, Core missed",
gtf-0469,doc-a72c0918e27dd12b,src-stat-austria,percentage_statistic,63,en,TRUE_MATERIAL_FACT,TRUE_MATERIAL_FACT (V31),HIGH (V31),"V31 confirmed TRUE_MATERIAL_FACT, Core missed",
gtf-0470,doc-a72c0918e27dd12b,src-stat-austria,percentage_statistic,15,en,TRUE_MATERIAL_FACT,TRUE_MATERIAL_FACT (V31),HIGH (V31),"V31 confirmed TRUE_MATERIAL_FACT, Core missed",
gtf-0476,doc-a72c0918e27dd12b,src-stat-austria,percentage_statistic,34,en,TRUE_MATERIAL_FACT,TRUE_MATERIAL_FACT (V31),HIGH (V31),"V31 confirmed TRUE_MATERIAL_FACT, Core missed",
gtf-0501,doc-a72c0918e27dd12b,src-stat-austria,percentage_statistic,15,en,TRUE_MATERIAL_FACT,TRUE_MATERIAL_FACT (V31),HIGH (V31),"V31 confirmed TRUE_MATERIAL_FACT, Core missed",
gtf-0530,doc-a72c0918e27dd12b,src-stat-austria,percentage_statistic,60,en,TRUE_MATERIAL_FACT,TRUE_MATERIAL_FACT (V31),HIGH (V31),"V31 confirmed TRUE_MATERIAL_FACT, Core missed",
gtf-0547,doc-e1a36c80a03e5163,imp-eurostat,percentage_statistic,0.4,en,TRUE_MATERIAL_FACT,TRUE_MATERIAL_FACT (V31),HIGH (V31),"V31 confirmed TRUE_MATERIAL_FACT, Core missed",
gtf-0548,doc-e1a36c80a03e5163,imp-eurostat,percentage_statistic,0.1,en,TRUE_MATERIAL_FACT,TRUE_MATERIAL_FACT (V31),HIGH (V31),"V31 confirmed TRUE_MATERIAL_FACT, Core missed",
gtf-0549,doc-e1a36c80a03e5163,imp-eurostat,percentage_statistic,0.4,en,TRUE_MATERIAL_FACT,TRUE_MATERIAL_FACT (V31),HIGH (V31),"V31 confirmed TRUE_MATERIAL_FACT, Core missed",
gtf-0550,doc-e1a36c80a03e5163,imp-eurostat,percentage_statistic,0.5,en,TRUE_MATERIAL_FACT,TRUE_MATERIAL_FACT (V31),HIGH (V31),"V31 confirmed TRUE_MATERIAL_FACT, Core missed",
gtf-0551,doc-e1a36c80a03e5163,imp-eurostat,percentage_statistic,0.2,en,TRUE_MATERIAL_FACT,TRUE_MATERIAL_FACT (V31),HIGH (V31),"V31 confirmed TRUE_MATERIAL_FACT, Core missed",
gtf-0552,doc-e1a36c80a03e5163,imp-eurostat,percentage_statistic,0.2,en,TRUE_MATERIAL_FACT,TRUE_MATERIAL_FACT (V31),HIGH (V31),"V31 confirmed TRUE_MATERIAL_FACT, Core missed",
gtf-0553,doc-e1a36c80a03e5163,imp-eurostat,percentage_statistic,0.8,en,TRUE_MATERIAL_FACT,TRUE_MATERIAL_FACT (V31),HIGH (V31),"V31 confirmed TRUE_MATERIAL_FACT, Core missed",
gtf-0554,doc-e1a36c80a03e5163,imp-eurostat,percentage_statistic,0.8,en,TRUE_MATERIAL_FACT,TRUE_MATERIAL_FACT (V31),HIGH (V31),"V31 confirmed TRUE_MATERIAL_FACT, Core missed",
gtf-0555,doc-e1a36c80a03e5163,imp-eurostat,percentage_statistic,0.3,en,TRUE_MATERIAL_FACT,TRUE_MATERIAL_FACT (V31),HIGH (V31),"V31 confirmed TRUE_MATERIAL_FACT, Core missed",
gtf-0556,doc-e1a36c80a03e5163,imp-eurostat,percentage_statistic,0.1,en,TRUE_MATERIAL_FACT,TRUE_MATERIAL_FACT (V31),HIGH (V31),"V31 confirmed TRUE_MATERIAL_FACT, Core missed",
gtf-0557,doc-e1a36c80a03e5163,imp-eurostat,percentage_statistic,0.3,en,TRUE_MATERIAL_FACT,TRUE_MATERIAL_FACT (V31),HIGH (V31),"V31 confirmed TRUE_MATERIAL_FACT, Core missed",
gtf-0558,doc-e1a36c80a03e5163,imp-eurostat,percentage_statistic,0.1,en,TRUE_MATERIAL_FACT,TRUE_MATERIAL_FACT (V31),HIGH (V31),"V31 confirmed TRUE_MATERIAL_FACT, Core missed",
gtf-0559,doc-e1a36c80a03e5163,imp-eurostat,percentage_statistic,0.3,en,TRUE_MATERIAL_FACT,TRUE_MATERIAL_FACT (V31),HIGH (V31),"V31 confirmed TRUE_MATERIAL_FACT, Core missed",
gtf-0560,doc-e1a36c80a03e5163,imp-eurostat,percentage_statistic,0.2,en,TRUE_MATERIAL_FACT,TRUE_MATERIAL_FACT (V31),HIGH (V31),"V31 confirmed TRUE_MATERIAL_FACT, Core missed",
gtf-0561,doc-e1a36c80a03e5163,imp-eurostat,percentage_statistic,0.3,en,TRUE_MATERIAL_FACT,TRUE_MATERIAL_FACT (V31),HIGH (V31),"V31 confirmed TRUE_MATERIAL_FACT, Core missed",
gtf-0562,doc-e1a36c80a03e5163,imp-eurostat,percentage_statistic,0.2,en,TRUE_MATERIAL_FACT,TRUE_MATERIAL_FACT (V31),HIGH (V31),"V31 confirmed TRUE_MATERIAL_FACT, Core missed",
gtf-0563,doc-e1a36c80a03e5163,imp-eurostat,percentage_statistic,2.9,en,TRUE_MATERIAL_FACT,TRUE_MATERIAL_FACT (V31),HIGH (V31),"V31 confirmed TRUE_MATERIAL_FACT, Core missed",
gtf-0564,doc-e1a36c80a03e5163,imp-eurostat,percentage_statistic,2.9,en,TRUE_MATERIAL_FACT,TRUE_MATERIAL_FACT (V31),HIGH (V31),"V31 confirmed TRUE_MATERIAL_FACT, Core missed",
gtf-0565,doc-e1a36c80a03e5163,imp-eurostat,percentage_statistic,2.8,en,TRUE_MATERIAL_FACT,TRUE_MATERIAL_FACT (V31),HIGH (V31),"V31 confirmed TRUE_MATERIAL_FACT, Core missed",
gtf-0566,doc-e1a36c80a03e5163,imp-eurostat,percentage_statistic,6.3,en,TRUE_MATERIAL_FACT,TRUE_MATERIAL_FACT (V31),HIGH (V31),"V31 confirmed TRUE_MATERIAL_FACT, Core missed",
gtf-0567,doc-e1a36c80a03e5163,imp-eurostat,percentage_statistic,6.3,en,TRUE_MATERIAL_FACT,TRUE_MATERIAL_FACT (V31),HIGH (V31),"V31 confirmed TRUE_MATERIAL_FACT, Core missed",
gtf-0568,doc-e1a36c80a03e5163,imp-eurostat,percentage_statistic,6.0,en,TRUE_MATERIAL_FACT,TRUE_MATERIAL_FACT (V31),HIGH (V31),"V31 confirmed TRUE_MATERIAL_FACT, Core missed",
gtf-0569,doc-e1a36c80a03e5163,imp-eurostat,percentage_statistic,0.4,en,TRUE_MATERIAL_FACT,TRUE_MATERIAL_FACT (V31),HIGH (V31),"V31 confirmed TRUE_MATERIAL_FACT, Core missed",
gtf-0570,doc-e1a36c80a03e5163,imp-eurostat,percentage_statistic,0.5,en,TRUE_MATERIAL_FACT,TRUE_MATERIAL_FACT (V31),HIGH (V31),"V31 confirmed TRUE_MATERIAL_FACT, Core missed",
gtf-0571,doc-e1a36c80a03e5163,imp-eurostat,percentage_statistic,0.4,en,TRUE_MATERIAL_FACT,TRUE_MATERIAL_FACT (V31),HIGH (V31),"V31 confirmed TRUE_MATERIAL_FACT, Core missed",
gtf-0572,doc-e1a36c80a03e5163,imp-eurostat,percentage_statistic,0.5,en,TRUE_MATERIAL_FACT,TRUE_MATERIAL_FACT (V31),HIGH (V31),"V31 confirmed TRUE_MATERIAL_FACT, Core missed",
gtf-0573,doc-e1a36c80a03e5163,imp-eurostat,percentage_statistic,0.2,en,TRUE_MATERIAL_FACT,TRUE_MATERIAL_FACT (V31),HIGH (V31),"V31 confirmed TRUE_MATERIAL_FACT, Core missed",
gtf-0574,doc-e1a36c80a03e5163,imp-eurostat,percentage_statistic,3.1,en,TRUE_MATERIAL_FACT,TRUE_MATERIAL_FACT (V31),HIGH (V31),"V31 confirmed TRUE_MATERIAL_FACT, Core missed",
gtf-0575,doc-e1a36c80a03e5163,imp-eurostat,percentage_statistic,3.1,en,TRUE_MATERIAL_FACT,TRUE_MATERIAL_FACT (V31),HIGH (V31),"V31 confirmed TRUE_MATERIAL_FACT, Core missed",
gtf-0676,doc-8700a0859c829c44,imp-bea,usd_amount,1.8,en,TRUE_MATERIAL_FACT,TRUE_MATERIAL_FACT (V31),HIGH (V31),"V31 confirmed TRUE_MATERIAL_FACT, Core missed",
gtf-0677,doc-8700a0859c829c44,imp-bea,usd_amount,1.8,en,TRUE_MATERIAL_FACT,TRUE_MATERIAL_FACT (V31),HIGH (V31),"V31 confirmed TRUE_MATERIAL_FACT, Core missed",
gtf-0680,doc-8700a0859c829c44,imp-bea,usd_amount,0.9,en,TRUE_MATERIAL_FACT,TRUE_MATERIAL_FACT (V31),HIGH (V31),"V31 confirmed TRUE_MATERIAL_FACT, Core missed",
gtf-0727,doc-9d7146f970cd6602,imp-bea,percentage_statistic,1.5,en,TRUE_MATERIAL_FACT,TRUE_MATERIAL_FACT (V31),HIGH (V31),"V31 confirmed TRUE_MATERIAL_FACT, Core missed",
gtf-0737,doc-9d7146f970cd6602,imp-bea,percentage_statistic,1.5,en,TRUE_MATERIAL_FACT,TRUE_MATERIAL_FACT (V31),HIGH (V31),"V31 confirmed TRUE_MATERIAL_FACT, Core missed",
gtf-0739,doc-9d7146f970cd6602,imp-bea,percentage_statistic,1,en,TRUE_MATERIAL_FACT,TRUE_MATERIAL_FACT (V31),HIGH (V31),"V31 confirmed TRUE_MATERIAL_FACT, Core missed",
gtf-0740,doc-5a0547ffcaa7a57e,imp-bea,percentage_statistic,0.2,en,TRUE_MATERIAL_FACT,TRUE_MATERIAL_FACT (V31),HIGH (V31),"V31 confirmed TRUE_MATERIAL_FACT, Core missed",
gtf-0741,doc-5a0547ffcaa7a57e,imp-bea,percentage_statistic,0.2,en,TRUE_MATERIAL_FACT,TRUE_MATERIAL_FACT (V31),HIGH (V31),"V31 confirmed TRUE_MATERIAL_FACT, Core missed",
gtf-0749,doc-5a0547ffcaa7a57e,imp-bea,usd_amount,54.9,en,TRUE_MATERIAL_FACT,TRUE_MATERIAL_FACT (V31),HIGH (V31),"V31 confirmed TRUE_MATERIAL_FACT, Core missed",
gtf-0758,doc-5a0547ffcaa7a57e,imp-bea,usd_amount,54.9,en,TRUE_MATERIAL_FACT,TRUE_MATERIAL_FACT (V31),HIGH (V31),"V31 confirmed TRUE_MATERIAL_FACT, Core missed",
gtf-0767,doc-e96dc7902ddcfa54,imp-bea,usd_amount,438.1,en,TRUE_MATERIAL_FACT,TRUE_MATERIAL_FACT (V31),HIGH (V31),"V31 confirmed TRUE_MATERIAL_FACT, Core missed",
gtf-0768,doc-e96dc7902ddcfa54,imp-bea,usd_amount,7.14,en,TRUE_MATERIAL_FACT,TRUE_MATERIAL_FACT (V31),HIGH (V31),"V31 confirmed TRUE_MATERIAL_FACT, Core missed",
gtf-0794,doc-e96dc7902ddcfa54,imp-bea,usd_amount,310.1,en,TRUE_MATERIAL_FACT,TRUE_MATERIAL_FACT (V31),HIGH (V31),"V31 confirmed TRUE_MATERIAL_FACT, Core missed",
gtf-0908,doc-b6a3b4fd764791c8,imp-fca,percentage_statistic,18,en,TRUE_MATERIAL_FACT,TRUE_MATERIAL_FACT (V31),HIGH (V31),"V31 confirmed TRUE_MATERIAL_FACT, Core missed",
gtf-0917,doc-9a712ccb39c76784,imp-fca,action_type,penalty,en,TRUE_MATERIAL_FACT,TRUE_MATERIAL_FACT (V31),HIGH (V31),"V31 confirmed TRUE_MATERIAL_FACT, Core missed",
gtf-0918,doc-9a712ccb39c76784,imp-fca,action_type,penalty,en,TRUE_MATERIAL_FACT,TRUE_MATERIAL_FACT (V31),HIGH (V31),"V31 confirmed TRUE_MATERIAL_FACT, Core missed",
gtf-0919,doc-9a712ccb39c76784,imp-fca,action_type,penalty,en,TRUE_MATERIAL_FACT,TRUE_MATERIAL_FACT (V31),HIGH (V31),"V31 confirmed TRUE_MATERIAL_FACT, Core missed",
gtf-0940,doc-5ecb669f6f2ea51a,imp-bank-of-england,action_type,settlement,en,TRUE_MATERIAL_FACT,TRUE_MATERIAL_FACT (V31),HIGH (V31),"V31 confirmed TRUE_MATERIAL_FACT, Core missed",
gtf-0941,doc-5ecb669f6f2ea51a,imp-bank-of-england,action_type,settlement,en,TRUE_MATERIAL_FACT,TRUE_MATERIAL_FACT (V31),HIGH (V31),"V31 confirmed TRUE_MATERIAL_FACT, Core missed",
gtf-0942,doc-b1ffbaa20d211ae5,imp-bank-of-england,action_type,settlement,en,TRUE_MATERIAL_FACT,TRUE_MATERIAL_FACT (V31),HIGH (V31),"V31 confirmed TRUE_MATERIAL_FACT, Core missed",
gtf-0943,doc-b1ffbaa20d211ae5,imp-bank-of-england,action_type,settlement,en,TRUE_MATERIAL_FACT,TRUE_MATERIAL_FACT (V31),HIGH (V31),"V31 confirmed TRUE_MATERIAL_FACT, Core missed",
gtf-0944,doc-60379f7197c52080,imp-bank-of-england,percentage_statistic,2,en,TRUE_MATERIAL_FACT,TRUE_MATERIAL_FACT (V31),HIGH (V31),"V31 confirmed TRUE_MATERIAL_FACT, Core missed",
gtf-0947,doc-60379f7197c52080,imp-bank-of-england,percentage_statistic,2,en,TRUE_MATERIAL_FACT,TRUE_MATERIAL_FACT (V31),HIGH (V31),"V31 confirmed TRUE_MATERIAL_FACT, Core missed",
gtf-0948,doc-60379f7197c52080,imp-bank-of-england,percentage_statistic,2,en,TRUE_MATERIAL_FACT,TRUE_MATERIAL_FACT (V31),HIGH (V31),"V31 confirmed TRUE_MATERIAL_FACT, Core missed",
gtf-0954,doc-60379f7197c52080,imp-bank-of-england,action_type,settlement,en,TRUE_MATERIAL_FACT,TRUE_MATERIAL_FACT (V31),HIGH (V31),"V31 confirmed TRUE_MATERIAL_FACT, Core missed",
gtf-0955,doc-60379f7197c52080,imp-bank-of-england,action_type,settlement,en,TRUE_MATERIAL_FACT,TRUE_MATERIAL_FACT (V31),HIGH (V31),"V31 confirmed TRUE_MATERIAL_FACT, Core missed",
gtf-0956,doc-7b9bed919044b58e,imp-bank-of-japan,percentage_statistic,2,en,TRUE_MATERIAL_FACT,TRUE_MATERIAL_FACT (V31),HIGH (V31),"V31 confirmed TRUE_MATERIAL_FACT, Core missed",
gtf-0964,doc-8f6d9e11b80e3441,imp-bank-of-japan,percentage_statistic,2,en,TRUE_MATERIAL_FACT,TRUE_MATERIAL_FACT (V31),HIGH (V31),"V31 confirmed TRUE_MATERIAL_FACT, Core missed",
gtf-1042,doc-6a8a4047814c4caf,imp-bank-of-england,action_type,settlement,en,TRUE_MATERIAL_FACT,TRUE_MATERIAL_FACT (V31),HIGH (V31),"V31 confirmed TRUE_MATERIAL_FACT, Core missed",
gtf-1043,doc-6a8a4047814c4caf,imp-bank-of-england,action_type,settlement,en,TRUE_MATERIAL_FACT,TRUE_MATERIAL_FACT (V31),HIGH (V31),"V31 confirmed TRUE_MATERIAL_FACT, Core missed",
gtf-1044,doc-fb1d49f16ce70f30,imp-bank-of-england,percentage_statistic,2,en,TRUE_MATERIAL_FACT,TRUE_MATERIAL_FACT (V31),HIGH (V31),"V31 confirmed TRUE_MATERIAL_FACT, Core missed",
gtf-1045,doc-fb1d49f16ce70f30,imp-bank-of-england,percentage_statistic,2,en,TRUE_MATERIAL_FACT,TRUE_MATERIAL_FACT (V31),HIGH (V31),"V31 confirmed TRUE_MATERIAL_FACT, Core missed",
gtf-1046,doc-fb1d49f16ce70f30,imp-bank-of-england,percentage_statistic,2,en,TRUE_MATERIAL_FACT,TRUE_MATERIAL_FACT (V31),HIGH (V31),"V31 confirmed TRUE_MATERIAL_FACT, Core missed",
gtf-1047,doc-fb1d49f16ce70f30,imp-bank-of-england,percentage_statistic,2,en,TRUE_MATERIAL_FACT,TRUE_MATERIAL_FACT (V31),HIGH (V31),"V31 confirmed TRUE_MATERIAL_FACT, Core missed",
gtf-1048,doc-fb1d49f16ce70f30,imp-bank-of-england,percentage_statistic,2,en,TRUE_MATERIAL_FACT,TRUE_MATERIAL_FACT (V31),HIGH (V31),"V31 confirmed TRUE_MATERIAL_FACT, Core missed",
gtf-1059,doc-fb1d49f16ce70f30,imp-bank-of-england,action_type,settlement,en,TRUE_MATERIAL_FACT,TRUE_MATERIAL_FACT (V31),HIGH (V31),"V31 confirmed TRUE_MATERIAL_FACT, Core missed",
gtf-1060,doc-fb1d49f16ce70f30,imp-bank-of-england,action_type,settlement,en,TRUE_MATERIAL_FACT,TRUE_MATERIAL_FACT (V31),HIGH (V31),"V31 confirmed TRUE_MATERIAL_FACT, Core missed",
gtf-1061,doc-560b6bcfde6d23b4,imp-bank-of-japan,percentage_statistic,2,en,TRUE_MATERIAL_FACT,TRUE_MATERIAL_FACT (V31),HIGH (V31),"V31 confirmed TRUE_MATERIAL_FACT, Core missed",
gtf-1069,doc-bdf46a2169862b12,imp-bank-of-japan,percentage_statistic,2,en,TRUE_MATERIAL_FACT,TRUE_MATERIAL_FACT (V31),HIGH (V31),"V31 confirmed TRUE_MATERIAL_FACT, Core missed",
gtf-1080,doc-9478d7a1e1d9a260,imp-hm-treasury,rate_decision,lower,en,TRUE_MATERIAL_FACT,TRUE_MATERIAL_FACT (V31),HIGH (V31),"V31 confirmed TRUE_MATERIAL_FACT, Core missed",
gtf-1109,doc-665a299e220457b1,src-boj,percentage_statistic,2,en,TRUE_MATERIAL_FACT,TRUE_MATERIAL_FACT (V31),HIGH (V31),"V31 confirmed TRUE_MATERIAL_FACT, Core missed",
gtf-1598,doc-bc3ccf0a2c2ef2e7,src-bb-bangladesh,percentage_statistic,8.0,en,TRUE_MATERIAL_FACT,TRUE_MATERIAL_FACT (V31),HIGH (V31),"V31 confirmed TRUE_MATERIAL_FACT, Core missed",
gtf-1599,doc-bc3ccf0a2c2ef2e7,src-bb-bangladesh,percentage_statistic,7.5,en,TRUE_MATERIAL_FACT,TRUE_MATERIAL_FACT (V31),HIGH (V31),"V31 confirmed TRUE_MATERIAL_FACT, Core missed",
gtf-1601,doc-bc3ccf0a2c2ef2e7,src-bb-bangladesh,percentage_statistic,10.30,en,TRUE_MATERIAL_FACT,TRUE_MATERIAL_FACT (V31),HIGH (V31),"V31 confirmed TRUE_MATERIAL_FACT, Core missed",
gtf-1602,doc-bc3ccf0a2c2ef2e7,src-bb-bangladesh,percentage_statistic,10.39,en,TRUE_MATERIAL_FACT,TRUE_MATERIAL_FACT (V31),HIGH (V31),"V31 confirmed TRUE_MATERIAL_FACT, Core missed",
gtf-1603,doc-bc3ccf0a2c2ef2e7,src-bb-bangladesh,percentage_statistic,8.0,en,TRUE_MATERIAL_FACT,TRUE_MATERIAL_FACT (V31),HIGH (V31),"V31 confirmed TRUE_MATERIAL_FACT, Core missed",
gtf-1604,doc-bc3ccf0a2c2ef2e7,src-bb-bangladesh,percentage_statistic,10.99,en,TRUE_MATERIAL_FACT,TRUE_MATERIAL_FACT (V31),HIGH (V31),"V31 confirmed TRUE_MATERIAL_FACT, Core missed",
gtf-1605,doc-bc3ccf0a2c2ef2e7,src-bb-bangladesh,percentage_statistic,12.24,en,TRUE_MATERIAL_FACT,TRUE_MATERIAL_FACT (V31),HIGH (V31),"V31 confirmed TRUE_MATERIAL_FACT, Core missed",
gtf-1606,doc-bc3ccf0a2c2ef2e7,src-bb-bangladesh,percentage_statistic,12.28,en,TRUE_MATERIAL_FACT,TRUE_MATERIAL_FACT (V31),HIGH (V31),"V31 confirmed TRUE_MATERIAL_FACT, Core missed",
gtf-1607,doc-bc3ccf0a2c2ef2e7,src-bb-bangladesh,percentage_statistic,10.39,en,TRUE_MATERIAL_FACT,TRUE_MATERIAL_FACT (V31),HIGH (V31),"V31 confirmed TRUE_MATERIAL_FACT, Core missed",
gtf-1608,doc-bc3ccf0a2c2ef2e7,src-bb-bangladesh,percentage_statistic,9.65,en,TRUE_MATERIAL_FACT,TRUE_MATERIAL_FACT (V31),HIGH (V31),"V31 confirmed TRUE_MATERIAL_FACT, Core missed",
gtf-1609,doc-bc3ccf0a2c2ef2e7,src-bb-bangladesh,percentage_statistic,12.42,en,TRUE_MATERIAL_FACT,TRUE_MATERIAL_FACT (V31),HIGH (V31),"V31 confirmed TRUE_MATERIAL_FACT, Core missed",
gtf-1610,doc-bc3ccf0a2c2ef2e7,src-bb-bangladesh,percentage_statistic,12.28,en,TRUE_MATERIAL_FACT,TRUE_MATERIAL_FACT (V31),HIGH (V31),"V31 confirmed TRUE_MATERIAL_FACT, Core missed",
gtf-1611,doc-bc3ccf0a2c2ef2e7,src-bb-bangladesh,percentage_statistic,10.30,en,TRUE_MATERIAL_FACT,TRUE_MATERIAL_FACT (V31),HIGH (V31),"V31 confirmed TRUE_MATERIAL_FACT, Core missed",
